transaction_id,transaction_amount,transaction_type,account_id,timestamp,location,is_suspicious
e8646863-8a8b-4ebc-8eaf-ea87fa5ba642,46873,withdrawal,60450219,2024-07-18 04:12:41,Saint Lucia,0
ba00288a-03ef-42ed-8626-1f777182f611,67923,withdrawal,25288767,2024-06-03 06:40:06,Nigeria,1
b6583ed6-01d9-42a9-9130-3c6bd22f9174,45940,withdrawal,67169982,2024-09-17 08:16:13,Papua New Guinea,0
3ed77475-a9c3-4a3a-bc3f-18a7fbd42faf,37993,deposit,71925545,2024-06-25 06:02:34,Papua New Guinea,1
2b96d567-1d41-4b6f-8c64-fc98e4eb6230,12070,deposit,75749190,2024-03-30 12:12:13,Congo,1
22f59467-f373-4f38-83c3-7ad9b0e3df74,41304,deposit,29784022,2024-09-20 19:27:24,Mozambique,0
88e7a11b-823f-4063-be65-7f824b4c0ccb,98600,deposit,21803806,2024-01-22 05:07:00,Argentina,1
ef0a7eb3-a1f9-4985-9738-0e55179aeb3c,4495,withdrawal,79735332,2024-09-15 21:19:37,Benin,1
08c5100a-f473-4662-bd13-ecab9ef156aa,68523,deposit,66381553,2024-08-21 22:27:17,Bosnia and Herzegovina,0
3a9e57db-fb2e-476e-a8c4-393187762de0,94370,withdrawal,4639436,2024-05-20 20:21:00,Cape Verde,1
525a867b-f8b1-465f-b974-1ce48bb5a2d3,1738,deposit,43382860,2024-03-30 11:37:25,United Arab Emirates,1
6229f09a-f7dc-4080-a349-51029277b236,92169,withdrawal,88805922,2024-05-23 07:31:42,Somalia,0
5baa783b-2c6d-480a-a32e-bf2c7eaa72de,24155,withdrawal,61030449,2024-09-20 17:04:15,British Indian Ocean Territory (Chagos Archipelago),0
4cff8c01-2935-4200-a3c9-c0f6afca3e61,65307,deposit,97963358,2024-09-23 03:12:53,Congo,1
d4e7438e-6afc-49c3-9dd9-98f6fde77237,98836,deposit,590685,2024-08-08 04:31:19,Bermuda,0
d5cae998-54ad-429d-8b79-b12b9b85818e,49769,deposit,5737552,2024-05-06 01:17:01,Singapore,0
abfcdede-d1ab-4fce-b4a7-05d8d5229bb5,44286,withdrawal,94970316,2024-03-23 10:25:25,United States Virgin Islands,0
6c436e0a-4217-40a2-a208-030259817c10,98432,withdrawal,36044213,2024-02-18 23:34:41,Saint Martin,0
2e25c96d-2c04-4b77-ae6a-87b6e9506fad,88396,deposit,28889265,2024-02-14 09:12:44,San Marino,0
d5e9b13f-0e0f-477d-9b8a-95c460568211,79623,withdrawal,66131088,2024-06-10 14:14:32,Angola,1
4aaaab72-968e-4efd-a25e-0a5fd1cf2025,67598,deposit,48058338,2024-02-14 05:06:54,Comoros,0
b21aa1ea-7bc5-427f-9bed-43b4bac5c644,70558,deposit,76413827,2024-03-24 12:10:19,Taiwan,1
3ccda09f-932c-4a2e-b24c-ca6e0cf87705,40567,withdrawal,74545939,2024-05-02 15:15:57,Niger,0
30e3338e-2653-4bd2-8203-b39686094c50,83074,deposit,45926005,2024-02-08 04:40:10,Czech Republic,1
7df9a507-8029-4f99-872a-ed3947e05917,10865,deposit,24346228,2024-08-26 16:31:54,Holy See (Vatican City State),0
3d9298b9-2a6f-487b-be9f-37f36727b798,38456,deposit,91120385,2024-05-16 04:05:38,Saint Pierre and Miquelon,0
a5f7c81a-2546-477d-a13a-c5d9e1e636ae,42416,deposit,70784808,2024-07-01 08:10:34,Syrian Arab Republic,1
3109ebb4-609f-4c22-a461-c0a2fde112d2,70156,deposit,51022499,2024-05-27 20:32:29,Niue,1
b7718096-a281-4355-b428-65e337dc6693,5651,withdrawal,4540876,2024-02-05 06:08:40,Zimbabwe,0
db5308fa-4d7f-48f2-ab32-4918ce089e6f,58340,withdrawal,9192334,2024-09-14 02:55:27,Barbados,1
cef01467-8602-40e2-84ab-8d264075e1f7,37485,withdrawal,18027685,2024-05-03 20:21:32,Zambia,0
330f6399-7f50-4f14-9e90-457ef92baf7c,84184,withdrawal,15040275,2024-05-11 16:03:29,Ethiopia,0
01571195-0a54-4c96-92b7-4f2c00f1addf,47144,withdrawal,57364656,2024-05-01 14:22:43,Guatemala,1
65cf2e38-b4f3-4a8b-b457-40b753876c82,72933,deposit,15435674,2024-09-22 18:46:47,Mexico,0
24262440-f578-46e5-a2b4-2dd4becf5f8f,7300,withdrawal,39404654,2024-09-06 15:08:06,Trinidad and Tobago,0
3796c099-9492-4c89-9f27-4532cf272103,41569,withdrawal,18007246,2024-04-13 06:50:31,Kyrgyz Republic,0
569e07ab-e07d-4493-9794-095b725a355b,83155,deposit,63266967,2024-03-11 01:50:46,Guernsey,1
d5f4e636-3149-4abc-9628-1b4dd8c19d6c,27055,withdrawal,16606022,2024-08-10 15:48:46,Oman,0
0ec63341-3445-4f8e-acf3-fe90bba65945,96107,deposit,93175577,2024-03-26 11:45:07,Latvia,0
46cb515e-d4ec-4d3e-b7b2-ccf07e23acab,11430,withdrawal,65717622,2024-08-25 10:40:17,Swaziland,1
0f334603-68d0-49be-a7fb-aad950483ff3,70009,deposit,51888810,2024-03-22 02:39:47,Isle of Man,0
72fad45d-d691-4b64-bccc-d8de1bf95c4a,6252,deposit,6859250,2024-01-07 12:23:38,Iceland,1
2c337746-d6e3-4709-96c6-a222967b7197,84761,deposit,37622993,2024-07-19 14:11:09,Venezuela,1
6739a5a8-2494-4a3e-948c-d6e453d5548b,33955,withdrawal,80049334,2024-07-19 23:37:11,Lebanon,0
81a76a2b-1849-4674-aa2c-3ca52bfec6d5,58896,withdrawal,79174388,2024-01-13 17:08:21,Senegal,0
0424e2e9-1db3-4d99-89a8-389ea7410384,58064,deposit,56184689,2024-06-29 12:31:21,Jordan,1
ccde66e1-36d7-45f1-b226-6ee702072767,68477,deposit,62640159,2024-03-19 05:28:05,Mauritania,0
bf7a31eb-5b3c-48ba-af46-ec2811b6bf36,37461,deposit,63099467,2024-07-09 14:11:35,Congo,0
fbe9f4f0-0bfd-4b88-9c59-93bf06e8cb20,42883,deposit,81137829,2024-04-30 22:17:18,Faroe Islands,1
a41f381d-7f2a-4cb3-a975-82bcf7a2702d,51974,deposit,98650986,2024-01-26 18:01:58,New Caledonia,1
5330505d-0939-44fc-90ed-4e2020a10570,84794,deposit,29980475,2024-09-22 16:17:10,Turkey,0
ad5a3bfc-e7d4-4d28-a7ed-312233e6b7cd,52880,withdrawal,66199651,2024-09-29 20:57:42,Trinidad and Tobago,0
03e87932-64dd-4bcc-b330-195d32d44d97,3342,deposit,6645539,2024-09-26 04:37:20,Central African Republic,0
7f5d4b55-0392-481d-8a51-a100f948fdee,75847,deposit,1547390,2024-01-27 15:12:29,Northern Mariana Islands,1
63c25978-2597-4d94-95dc-f5390c43f53d,57149,deposit,51663005,2024-02-05 11:57:35,Dominican Republic,1
a5ffd6c8-fe89-45e5-a6c6-eac6ed90546a,34789,deposit,86012662,2024-07-31 16:11:42,Norway,0
6b843fd2-8b47-4483-8414-0cc8ebf2bb9e,45145,deposit,28653846,2024-09-11 05:00:21,Azerbaijan,1
80de4396-791c-452b-957e-2592f299f34d,4400,deposit,67329772,2024-07-20 14:48:11,Djibouti,1
774d18af-5165-45ca-be52-bc3b33fdafb1,68688,withdrawal,5221575,2024-06-06 12:41:13,Djibouti,0
e9873907-ad62-4768-809f-b7e460d13c54,9199,deposit,73699412,2024-08-29 14:45:50,Switzerland,0
ed352245-fe82-46bf-be8e-8858a4907197,82488,withdrawal,47449034,2024-02-26 10:16:52,Ethiopia,1
bd62def3-f169-438f-b89e-b5df331aa9b9,295,withdrawal,77581394,2024-03-18 20:57:13,Zimbabwe,0
b8012dcd-1162-498f-8580-ec067066ab8c,4908,deposit,90914545,2024-04-14 18:02:24,Kenya,1
d844b67c-4d69-405b-83e0-49bdd6965b86,19680,deposit,44677515,2024-08-11 06:28:12,Bouvet Island (Bouvetoya),1
3f93024c-ebe8-4c1b-a5c6-e7e94a4f6b4f,95536,withdrawal,63560717,2024-07-23 04:39:41,Guam,1
34fd6d41-4fdd-41e1-b417-d3467458a9ab,171,withdrawal,60381658,2024-08-31 22:53:58,Trinidad and Tobago,0
cf8d3ea8-5933-4171-9459-0e5209f1c0b8,96080,deposit,33705893,2024-08-06 01:36:11,French Polynesia,0
85066a8a-87f6-4f31-8d29-f873adb96314,33205,deposit,84322132,2024-04-07 01:11:49,Tokelau,0
0b049c98-8632-4daa-b668-99217739e71e,39965,deposit,92264610,2024-01-14 22:54:27,Serbia,1
6783ccc2-2613-4d45-a0a5-27ead278c3aa,25329,deposit,48894874,2024-05-07 18:28:27,Benin,1
c03d405d-d9f0-4707-8ae8-50e0f462db9c,50838,deposit,86392493,2024-06-16 00:06:37,Italy,0
7e62a89d-1584-4358-9ac2-7b74e4b7a336,40889,withdrawal,6567000,2024-06-22 19:39:03,South Africa,0
55ad641c-867b-4d34-8fbb-d9d596a5eadb,40654,deposit,23141697,2024-08-24 04:35:55,Bolivia,0
aae1dd22-198a-40e1-bce2-a17e9d4c7f8d,4109,withdrawal,59367193,2024-03-30 09:33:46,Bolivia,0
28bb93e5-f3c8-484e-89c7-30c41a2cb505,79056,deposit,90019936,2024-04-30 19:25:14,Suriname,0
ac0a9c3a-0a3d-48e2-bfe1-b4e91f541953,2231,withdrawal,9643417,2024-08-16 12:08:39,Sudan,0
cc03c0be-dcdb-4b66-b458-8e34988e35ad,53858,deposit,79155712,2024-01-03 20:08:17,Costa Rica,0
148c1908-ac62-460d-ba04-6f1ff51a1b86,40421,withdrawal,80363175,2024-09-22 03:22:27,French Southern Territories,1
5dc7f905-5ceb-4b6e-98f2-cc53dbbad175,51331,withdrawal,48619237,2024-09-26 08:35:00,Malta,0
ae5258d8-ef13-4647-b73b-210520806827,41813,withdrawal,3984713,2024-07-28 15:59:18,Faroe Islands,1
4c4a26b8-0852-4952-8c2e-532ca1b1cc89,44390,deposit,85097974,2024-05-17 10:31:44,Italy,1
627dff4f-310f-46b3-8505-ac2a6b08e564,32049,deposit,66358562,2024-02-16 06:18:19,Tonga,1
54f36a69-63d7-4635-ac94-56ad5ef99dec,47362,withdrawal,12270323,2024-04-01 06:58:52,Ukraine,1
7750f81c-472f-4a14-9736-892cf64a2b0e,29653,deposit,21580516,2024-05-08 14:19:47,Bouvet Island (Bouvetoya),1
4292749c-e23f-424d-af92-e95b4c416f02,33222,deposit,16413087,2024-04-26 20:16:33,France,0
4664e6f8-ac27-463a-a77c-d8d127be303c,83713,withdrawal,52123157,2024-07-14 16:25:39,Kuwait,1
df1c9c5c-b5ec-4675-99c3-faa23797e28f,17082,deposit,15954861,2024-01-20 05:12:57,Montserrat,1
130bba3f-5537-4386-8676-f787e18d8f9a,12236,deposit,32428292,2024-06-14 07:21:27,Vanuatu,0
357a5fa0-5a3d-4b8c-8093-3f671b183ef2,77932,withdrawal,74758134,2024-05-11 22:11:41,Cayman Islands,0
e8bdec98-6641-4307-87e4-0580f84fe121,530,deposit,48769594,2024-09-17 09:39:02,Netherlands Antilles,1
68a32f2a-66c8-42b8-bdba-07163a9e5d3d,33040,withdrawal,63484179,2024-04-20 00:47:41,Brazil,1
6643a842-863f-4e47-a478-05b526e39ab3,49166,withdrawal,64292552,2024-02-27 03:47:22,Somalia,1
f1da7d37-8633-42ec-a0d5-b4216cefebe8,98547,withdrawal,71264831,2024-09-21 07:50:24,Mozambique,0
5a09df4d-762c-4744-9a83-3504e5e9dbd3,91756,withdrawal,5893293,2024-05-31 14:38:11,Argentina,0
1a23ad2e-d331-4570-ac32-60c0afed3368,58113,deposit,60521041,2024-07-04 21:01:33,Central African Republic,1
65a0b30d-be53-4117-a5a7-f0b130708972,28590,withdrawal,90778867,2024-01-13 10:04:32,Vanuatu,0
e911a392-4645-4be8-b369-8dc084dca2e6,35518,withdrawal,89079884,2024-09-14 13:15:15,Cambodia,1
c12c2dcf-02a9-472a-8b99-bfa51525b36b,47974,withdrawal,43056173,2024-05-28 10:35:19,Puerto Rico,0
04aa01c5-d645-4160-ac70-3c979b1d800d,64005,deposit,61977995,2024-04-15 12:47:27,Australia,1
b68dd99e-cef4-4db0-949f-75a670b5e233,65786,deposit,56557070,2024-01-12 00:33:20,Costa Rica,0
c6647f84-1a5e-43c9-880d-545b18441853,49457,withdrawal,69005740,2024-01-24 14:02:54,Qatar,0
30e860d3-5d04-44b5-a07a-f228d1e74049,46264,deposit,17732281,2024-08-31 22:47:03,Palau,1
b00b3429-39e3-443a-a0c6-5b6ccd1e4f6d,84463,deposit,27028559,2024-04-06 12:03:59,Croatia,0
ca25a754-bde9-4014-a189-4272d4d98a85,31102,deposit,57505587,2024-05-18 02:15:32,New Caledonia,0
0d961af5-1d06-48eb-b660-79b737f21bae,16004,deposit,968293,2024-06-15 08:33:34,Comoros,0
4e9f4ee5-080e-42a1-8ae3-9da569cdfcf6,41580,withdrawal,78154202,2024-03-17 20:30:28,Pitcairn Islands,0
9d14322f-abf3-4e7a-b881-a5852f0ea0fd,71794,deposit,65338662,2024-08-04 14:05:43,Hong Kong,0
576562a8-a351-4125-b4f9-8c4738d800b8,3754,deposit,16496800,2024-02-10 16:02:34,Cameroon,0
e9e642bc-fcf9-49b5-b875-54883a99cbdc,59758,withdrawal,25349972,2024-09-01 04:29:56,Venezuela,0
f42fb887-b1eb-4c03-a36a-bca29ebae20a,10853,withdrawal,59370809,2024-01-24 17:01:15,Cyprus,1
29b96c43-d51b-4dfd-a7a0-ddc82fd8c3f6,16297,withdrawal,99851806,2024-05-03 22:25:33,Belgium,1
7dab872b-1cbb-4afe-a2b1-03da445aa282,36593,withdrawal,84274957,2024-06-10 23:52:01,Mongolia,1
71cbba85-ec3d-4a30-8ab2-9249ab66faec,60170,withdrawal,43473115,2024-08-15 18:31:45,Slovenia,1
7c538b08-689f-4071-95f2-62b6c379fadb,38230,deposit,49846588,2024-04-06 09:18:20,Svalbard & Jan Mayen Islands,1
61cbc8f4-765d-4902-9386-1088bffd3da0,18429,deposit,80705769,2024-01-25 06:41:10,Lao People's Democratic Republic,0
899218d8-a884-418d-ada7-bf0f6e4802ac,97832,withdrawal,13314094,2024-05-22 07:11:12,New Caledonia,0
24f3fc40-c19b-449c-978a-db93e2a1eed9,27081,withdrawal,35046268,2024-05-06 05:38:33,Poland,0
28c69b6b-359a-4b8c-81f0-35c5155106b0,72793,withdrawal,67555102,2024-06-28 11:42:12,Norway,1
fada86e5-ff57-4ea8-9bb9-58ac615e707d,26269,withdrawal,22614860,2024-06-19 12:23:29,South Georgia and the South Sandwich Islands,1
d381cd40-e756-465f-8331-389e2c5986eb,40955,withdrawal,21618412,2024-08-30 10:29:39,Georgia,1
9cc9c06e-920c-4fab-af3d-186de5cf8c06,40849,deposit,27753987,2024-09-08 19:08:40,New Zealand,0
9605fde2-d5fb-425d-b88b-efdd5165513f,26292,deposit,2789733,2024-05-15 16:30:59,Israel,1
498d5735-0d39-4a12-8f9a-97d2086b62f9,9678,deposit,48940923,2024-09-03 19:00:32,Ghana,0
4a6baef9-fa4f-4df4-a876-e42d3ca84570,8308,withdrawal,22200571,2024-06-13 14:33:54,Chad,1
74f1a6bf-113c-4a0f-ba1c-0f13ccf2a8e5,94178,withdrawal,7049888,2024-07-05 18:53:49,Timor-Leste,0
0872d40e-014a-496e-b654-61ff8affeff6,44877,deposit,14044111,2024-04-06 01:23:27,Belarus,1
bc9e1434-04b8-4b7b-a061-4597b8b071e1,50220,deposit,65744619,2024-03-08 17:04:25,Mauritania,0
e960819f-469c-45ff-8a39-2e022b6a79a9,43393,withdrawal,76950835,2024-05-05 18:54:22,Reunion,1
b3949a79-d03b-4c8c-b6f2-5ad03244efed,70774,withdrawal,17404571,2024-01-04 21:23:07,Faroe Islands,1
58118ac5-92c4-4d30-96fe-7172a8934945,67592,withdrawal,58519447,2024-08-27 07:06:33,Yemen,0
3cfdb94e-f561-4457-ba73-bfba0c6e6b80,52246,deposit,93926274,2024-05-21 09:25:17,Saudi Arabia,0
4fef60f0-3213-4f76-92d4-edc383b9c511,37145,withdrawal,93705610,2024-05-15 20:28:48,Spain,1
ae9b77a0-c768-4946-9178-7ad954207d62,83131,deposit,84048528,2024-08-03 07:30:50,Croatia,0
0351eb2e-5602-4a11-ba73-c1938128b2c6,77244,withdrawal,95574347,2024-08-21 03:34:17,Holy See (Vatican City State),0
2485c500-215d-4322-a872-6db3df54ccc5,30132,deposit,38593177,2024-09-14 04:18:30,United States Virgin Islands,1
ebc240b5-ce6e-4965-8d42-5b6261a24af1,66925,withdrawal,27449718,2024-07-28 21:48:10,Philippines,0
58b72bd5-8c26-4d83-878a-54a62d045db6,70569,withdrawal,10537456,2024-09-22 03:32:54,Ethiopia,1
0bad2b5d-9c02-4fba-8e52-ff0c5fd6d156,17744,withdrawal,97071965,2024-03-17 17:54:37,Afghanistan,0
f0fb7e32-c80f-4ba5-ba62-7523b9139a9a,71672,withdrawal,59539908,2024-02-26 01:54:42,Gambia,1
7444cc43-5237-492f-be25-4c7c890e1698,71089,withdrawal,66394241,2024-09-30 02:00:51,Lesotho,1
99fa685f-9e4b-49ce-806a-1d7527269324,91820,withdrawal,25048837,2024-01-26 09:29:11,Belarus,0
3ffa7093-a535-4d58-8065-db11212aa088,65974,withdrawal,58437687,2024-09-22 06:40:22,South Georgia and the South Sandwich Islands,0
9637b127-201c-4e98-abca-71e58e014641,54646,deposit,79112344,2024-09-18 02:28:06,Mauritius,1
c2cdaf23-3316-42ab-ae2e-2474b54287e4,87472,withdrawal,16645175,2024-07-15 16:37:24,Iran,0
00b3775b-82bb-4d31-9c2f-b43371c22bcc,52954,deposit,8182672,2024-02-26 03:06:20,Saint Martin,1
387b448d-0840-4e96-81a0-20d2437e765a,30073,deposit,18268145,2024-05-30 17:42:41,Tuvalu,0
deb86d57-8fbb-413c-8f90-d0a798d3c659,64122,withdrawal,55174188,2024-08-12 00:31:43,British Virgin Islands,0
8f55d6ef-4268-4bbe-8303-24ef3c28ff87,16728,deposit,86586002,2024-07-07 21:18:34,Myanmar,1
c0244622-cd81-41c7-b38a-6fe758280111,88579,withdrawal,2498599,2024-08-14 11:02:11,British Indian Ocean Territory (Chagos Archipelago),0
c97dfbb4-6de6-4e36-b943-10e3960dd40e,38417,withdrawal,98211689,2024-06-07 22:19:52,Lithuania,0
a4c24a9f-f371-4016-a724-a2c0a25a5663,8104,deposit,23882167,2024-04-25 02:17:05,Kuwait,1
c54d602b-2598-42bb-a50c-ed4c05ce16fe,76148,deposit,31847148,2024-09-17 11:40:33,Kazakhstan,0
ac782cb1-c942-4d8c-a073-581068d35fa5,59413,withdrawal,49972382,2024-08-28 23:24:43,Armenia,1
36ee80cb-4ba6-491d-87b7-5e8fa6abfffd,87179,withdrawal,70732514,2024-05-20 10:57:10,Kyrgyz Republic,1
c6238584-86aa-462f-a417-df217bd151cf,45246,deposit,93734137,2024-03-27 13:58:03,New Zealand,1
00106158-2c6d-407f-8925-d9e86c215092,70185,deposit,2671818,2024-06-04 07:14:04,United Arab Emirates,1
5cb68529-5687-478a-ad73-40e38f138a03,31329,deposit,6689934,2024-07-07 12:41:05,Palau,0
90a5e845-7972-450f-96fb-c728f858d5d8,90627,withdrawal,52397512,2024-06-14 21:04:12,Maldives,0
66b23e61-2bd6-4743-a9b0-f03d76b770ca,31342,withdrawal,14506912,2024-02-19 14:02:50,Colombia,0
cb6bc1a6-5840-4598-8d67-1715ed190a41,5106,withdrawal,95787414,2024-04-25 02:47:59,Gabon,0
ddb7af44-a488-405c-abe4-402c36303654,6735,deposit,3599512,2024-01-05 03:45:57,Angola,0
06ca5d5e-f1c0-4442-86cc-a2ddc3db0eff,56198,withdrawal,46096273,2024-08-15 11:51:35,Mauritius,0
c1330942-693a-449e-8209-ee50a98b6861,91130,withdrawal,21824417,2024-09-23 10:58:39,El Salvador,0
d4a5bcdf-5d80-4d47-b741-7b017f7a3e40,67143,withdrawal,21184729,2024-04-14 17:56:38,Czech Republic,0
e1127683-815d-4c4f-8e84-9db9d1953a44,73453,deposit,34862455,2024-05-16 20:03:11,New Zealand,1
00e6e2c2-a36f-4070-afcb-3d17200384a5,60475,withdrawal,15773454,2024-04-15 10:03:54,Pitcairn Islands,0
f767d617-2c1e-400e-8173-03aeda8a3f5f,53941,withdrawal,77734427,2024-07-15 08:54:08,Zimbabwe,1
96a6e6d5-30dc-43fe-a077-39c4b2aa40af,39724,deposit,48107489,2024-04-25 21:40:20,Czech Republic,1
c55ef0be-6f1e-48cb-8dbb-95fb69af0f5d,46156,withdrawal,77390199,2024-01-12 18:28:14,Algeria,0
1b2be626-3b2a-454c-87fe-feaf667f10a0,89088,deposit,47441492,2024-07-28 02:32:54,Swaziland,0
ba70c636-cf8f-4a4e-88a2-d1c6fe185eff,94596,withdrawal,266636,2024-03-06 01:34:41,Croatia,1
795013ee-7aec-446c-8bc0-6cd13ce41380,71808,withdrawal,42575746,2024-04-03 18:29:47,Croatia,0
d75f2c3e-c88d-41f6-b777-4cbc44336b08,20190,deposit,96676577,2024-07-18 09:44:26,Mali,0
1c51ae39-0c26-4b0e-94b3-772dcae057ea,39699,deposit,67599155,2024-06-28 11:53:41,Iceland,0
ac459b0a-1875-4808-a932-0996826e26a3,86534,deposit,26250693,2024-04-12 02:59:23,Kiribati,0
3d9a12eb-c488-4b0d-ab29-eafcaac7148e,75853,withdrawal,46519109,2024-07-31 16:11:22,Slovakia (Slovak Republic),0
cea28796-5ada-4a02-aaa2-e7ede964e4fa,46604,withdrawal,40117031,2024-05-30 00:06:22,Namibia,0
c9420fc0-2c2c-4797-be9a-f272bf14d59c,92848,deposit,58442787,2024-08-29 04:24:49,Namibia,0
70d49163-27e6-463a-9681-99ae9f92b891,35858,withdrawal,3371727,2024-07-06 12:18:51,Cuba,0
f5e6672d-53a1-44b7-9804-0ea13ebd0da1,50923,deposit,94520925,2024-04-22 04:11:34,Uruguay,0
a0d88c30-65ef-41bf-a41e-f6a1bc5d79ba,83292,withdrawal,9198419,2024-08-25 19:15:40,Grenada,1
f45d95f6-2263-4535-b49e-a126362900e6,41352,deposit,65343140,2024-07-11 03:54:56,Netherlands,0
183fba64-a0de-4873-b57c-84b21f3a9d1b,63984,deposit,18305888,2024-08-28 05:18:36,Grenada,1
b11cf845-f0b4-4cd1-9c75-99f1e77e8845,32814,deposit,6650836,2024-03-15 22:06:20,Nepal,1
afc8955b-6f96-4360-b6b7-631fa0a6a422,73520,withdrawal,86494538,2024-02-02 08:11:15,Morocco,1
a2b54e75-f14a-435e-a75f-f6e584066937,9804,deposit,29869789,2024-03-08 08:50:22,Sudan,0
ae567b15-75c7-4e49-b2b8-bc51bec1fa51,97947,deposit,59825132,2024-04-12 13:13:37,Tokelau,1
74da60c6-dce9-46e6-b385-210a9b2c7184,56806,deposit,41493783,2024-09-04 00:04:28,Hungary,0
bd0d262b-ecd0-4716-bde4-a644db853bdd,46088,deposit,40924490,2024-06-05 14:01:01,Liberia,0
d8f65367-37ca-4191-a703-81643f00811c,50886,withdrawal,60150689,2024-04-14 17:13:53,Tuvalu,1
62947a25-d1a8-456a-90e9-de9269cd57b7,77567,deposit,60703387,2024-04-18 04:04:49,Timor-Leste,0
b375d062-a100-4149-bb50-d889d0c6c7b8,56516,deposit,60277863,2024-09-19 00:00:45,Netherlands,1
494389f6-88f5-4081-aff4-c456ab868459,14937,withdrawal,7095304,2024-08-19 18:38:44,Philippines,0
f564347a-a361-4217-a4e0-ee8c77dd9733,35354,withdrawal,35224512,2024-07-16 08:11:24,Egypt,1
848980a9-3988-4cd0-a2f0-dff3ba37694d,54183,withdrawal,22250441,2024-05-27 00:20:31,Antarctica (the territory South of 60 deg S),1
bdc0714b-1d6f-4777-a344-deacee15c4c8,86608,deposit,29629619,2024-03-10 05:14:20,Grenada,1
e4af4c15-e748-497d-928b-293c736386b1,50412,deposit,32407174,2024-07-17 01:33:21,Tajikistan,0
63132307-6755-47f8-a10d-a54fb9d8c369,63534,withdrawal,38526392,2024-07-08 22:55:12,Guadeloupe,1
71d2126e-1201-49d1-88da-8af94e37bde2,88532,withdrawal,81961491,2024-03-29 20:36:56,Dominican Republic,0
cb4848ee-4653-43db-8fbe-2bc63404beda,32087,withdrawal,21314054,2024-07-07 16:32:41,United Kingdom,1
ad1d15e3-47ff-42bd-86cc-acc17cf03b4c,38178,deposit,75171218,2024-06-20 14:14:01,Philippines,0
daa1ab2a-6a44-4301-ab2e-0204f03ce240,8815,deposit,76399192,2024-07-21 15:03:59,Tunisia,0
1340b33b-d070-4d67-a9d8-18a2c821fecd,15023,withdrawal,87761940,2024-09-11 07:23:49,Ghana,0
9f99ad4f-42ae-41cf-83ac-2869bcdb4892,39417,deposit,69854281,2024-03-22 08:04:47,Turks and Caicos Islands,0
7426201e-5617-4474-b405-13b5049d720d,79480,withdrawal,92995121,2024-06-01 14:20:38,Northern Mariana Islands,0
451d42e6-9759-4276-b161-ae85039306dd,27536,deposit,94624650,2024-09-21 03:45:46,Bhutan,0
87ee6e34-9727-43c0-8d9d-2610745d36a6,36587,withdrawal,96138595,2024-04-07 11:45:49,Northern Mariana Islands,0
73e85ea8-d2a4-4fb8-8a37-512780c7e8c6,73162,withdrawal,91294685,2024-08-31 10:03:30,Bangladesh,1
be8e67e6-e32a-452c-a570-4d83a4615eb4,51245,withdrawal,55821070,2024-09-28 03:57:32,Kiribati,1
e36d6de3-d061-4517-9471-08e7c10fee9d,50781,deposit,77160917,2024-03-08 04:12:54,Morocco,0
fafc744a-bf86-466b-b6a6-9ece5f43b126,41146,deposit,47703308,2024-06-25 17:46:36,Monaco,1
9093960f-7f9e-479f-a0c8-2408bd5fbc32,17992,withdrawal,73785739,2024-05-14 03:46:28,Saint Pierre and Miquelon,1
6a51144f-265c-422d-add3-45ded0e74220,18455,withdrawal,57799461,2024-05-07 22:43:17,New Zealand,1
c4d57555-b2b5-4cf5-81a3-73c8e316acb3,53734,withdrawal,43375008,2024-07-16 20:29:49,Benin,0
02364d99-727f-46ab-a7df-06ab6239d15c,87900,withdrawal,68321943,2024-08-19 11:27:52,Tokelau,1
69619306-12a0-47dd-9f04-f1b4972d4d0d,68100,withdrawal,70951763,2024-02-20 17:57:13,Equatorial Guinea,1
c832e485-28a3-43aa-a83e-44b76d154604,82305,withdrawal,5915760,2024-08-08 14:53:31,Somalia,0
207f14a2-e558-433d-b5af-4cb800b3cbc0,94708,withdrawal,51106949,2024-03-16 12:38:08,Paraguay,1
4d5d0fff-2298-44db-80fe-8a62f3f8a450,68911,deposit,32456046,2024-07-05 21:57:23,Cambodia,1
3a4472c1-90f8-4306-b334-d750d1cb4c3e,21988,withdrawal,82342648,2024-01-31 22:28:56,Isle of Man,1
a15b34b8-e2b5-423d-996b-a10eb8e00cae,23776,deposit,35445985,2024-04-17 15:17:12,Guam,1
df6d2685-e24e-4d96-95ad-d2a9942c1a1f,59252,deposit,41239185,2024-08-03 05:37:44,Ireland,0
5204ac11-dfdf-4957-bb15-2cc1829666d6,82679,withdrawal,8666692,2024-09-05 21:44:59,Canada,0
6ec02501-0ff5-4685-a53d-7595c36b400d,60132,deposit,34834181,2024-01-27 14:00:10,United Arab Emirates,1
dc6aad52-08ff-4808-823f-7adce3beba5b,61601,deposit,82324403,2024-03-17 12:19:46,Uruguay,0
2eb7aeb4-2683-4d95-90a2-72cc7e47c1ee,10594,withdrawal,59482930,2024-07-16 06:40:40,Myanmar,1
8ec91393-17e9-4dd7-a9f6-3732e4a1d43b,33543,withdrawal,32199079,2024-05-28 06:02:54,Micronesia,1
c55dce0c-8302-4d35-ba77-8614b796a752,99079,withdrawal,13730963,2024-08-21 11:27:51,Jordan,0
b7d71ccd-bc95-4cb4-bf40-88c00840a78a,23119,withdrawal,29802748,2024-06-02 08:49:47,Korea,0
8a8d624d-5aff-4525-8b0c-5c713e035391,2435,deposit,35004165,2024-02-19 02:04:40,Bouvet Island (Bouvetoya),0
768b739f-540d-4c9c-ab60-71441e2767c1,56390,deposit,36961036,2024-01-22 16:54:05,Holy See (Vatican City State),0
88ecf5f0-e64c-4c0e-9929-61ccb94b1576,57428,deposit,93077236,2024-09-22 19:29:45,Bangladesh,1
82507d33-584d-4111-94e9-278e9e5f001f,34096,deposit,11865972,2024-02-04 22:55:17,Botswana,0
3b690e14-9932-4b75-b421-573865919070,19766,withdrawal,73148815,2024-07-14 15:03:58,Palestinian Territory,1
632627e7-a6fc-4597-8021-2295588c3ae8,9016,deposit,80455570,2024-04-01 00:04:09,Belarus,1
61d6071e-fd8f-4bed-af6c-e4eb750069d6,91195,deposit,40200982,2024-04-24 21:42:07,Mongolia,0
14a60f96-3dde-47c1-bba3-44ac06a39477,47354,withdrawal,85083265,2024-07-15 21:23:42,Guam,0
ac0bfc50-9066-4cdf-9a71-dadb16323d48,77578,withdrawal,84367853,2024-01-28 19:20:09,Bolivia,0
de607875-4b44-42e2-af3f-6677641c9577,97899,withdrawal,77064746,2024-06-25 19:43:41,Gambia,1
fd674fe3-b9e8-4877-9452-03e7f568d29b,42341,deposit,76152827,2024-08-27 23:52:50,United Arab Emirates,1
817626c3-4c66-4ff9-bad2-9fcd77f72f92,84914,withdrawal,54299266,2024-01-03 21:24:57,Aruba,0
ff7058bd-feb8-4a9f-9cf3-307ace756fd3,3415,deposit,35111011,2024-03-07 17:01:28,Saint Kitts and Nevis,1
f05ed26f-3b07-49a8-8610-4b56ceb6458b,44238,withdrawal,71860526,2024-08-03 19:27:36,Holy See (Vatican City State),0
5bf26763-0878-4818-8fcf-c51bf6760e8e,35564,withdrawal,19484637,2024-04-02 02:10:39,Mali,0
f160ab8c-e18b-4740-9dee-da31d30a1675,53153,deposit,26355398,2024-07-29 01:49:41,Liechtenstein,1
71e90d5a-485e-48ca-a847-99d77d72a72d,55511,withdrawal,73445890,2024-02-13 08:29:50,Sweden,0
1e7ee64a-dfed-4614-a421-587dae1b9a50,92473,deposit,7541680,2024-08-17 00:17:34,Maldives,0
32655b91-3bc8-4f99-85f5-336c96533160,49296,deposit,5811562,2024-06-10 10:00:20,Russian Federation,0
df143f9b-18f8-4273-90e4-a22d6fc45bf2,97539,withdrawal,14160133,2024-03-30 18:38:18,Saint Vincent and the Grenadines,0
b73ccb28-03b7-43ee-a68f-d977649693db,62316,withdrawal,83784674,2024-05-02 02:16:38,Martinique,0
f869d21c-0a31-40c9-b7ec-d9d1899f4502,38221,deposit,35850770,2024-06-13 13:19:37,Niue,1
b33a39e6-4a97-4418-a291-ff3c924de75d,10488,deposit,37208603,2024-03-03 16:49:53,French Polynesia,0
17acacf5-026b-44d0-9331-9507b5af68e3,93522,withdrawal,47426051,2024-05-06 02:31:28,Heard Island and McDonald Islands,1
168cbc57-fe45-4b51-b4ce-a91a9882e49f,64874,deposit,27945396,2024-09-06 13:02:25,South Georgia and the South Sandwich Islands,1
6a505cce-9177-47c6-a48f-f036c0022cb0,96618,deposit,23128010,2024-08-15 00:18:16,Cyprus,0
8cdd99c2-6d7f-4ab7-a3d6-4ea429644ce3,43879,withdrawal,96283970,2024-08-10 23:07:44,Cayman Islands,1
cfef3b86-d22f-4f2d-8a6c-4d77890a8b51,38988,deposit,86224937,2024-04-13 21:56:48,Western Sahara,0
0d1d5e20-4f8a-4870-9178-4754aae8a248,48737,deposit,9968461,2024-02-10 20:21:37,Libyan Arab Jamahiriya,0
9a9b05d5-47c8-435d-8acd-eb5e22a736a9,55365,deposit,65686958,2024-04-05 04:53:17,Djibouti,0
df295ad5-6c57-423f-be0e-c973c59a484d,74870,deposit,50986899,2024-03-29 14:52:56,Israel,0
bfb64664-4ae5-48de-b1ce-5299333e7564,14386,withdrawal,91148327,2024-01-29 13:38:47,Barbados,1
5917d2bd-a161-4684-9e04-bd24a9eabb4e,6686,deposit,37424889,2024-01-13 01:03:50,Austria,1
c9ffcab0-31ee-491d-9be1-c3c2dc460efd,76196,withdrawal,40095169,2024-05-11 03:40:01,Guinea-Bissau,1
f49c87a0-af8d-454e-9f2f-55ac518070c1,99204,withdrawal,64799270,2024-06-13 13:03:41,Dominican Republic,0
b7e17ba1-1884-4d5b-8fa3-de3177945b66,24051,deposit,44998943,2024-01-25 20:03:58,Ukraine,0
632e1d97-3c06-474d-8efa-e7d32b0731dd,73186,withdrawal,33626745,2024-04-10 19:35:58,Qatar,0
42482e45-c2b4-46a0-ad8a-b186e268b47a,88230,deposit,46975248,2024-03-25 01:09:03,Montserrat,0
9ff0a6fd-d053-4716-af4b-b1d64932dafa,12992,deposit,48812475,2024-09-06 02:04:18,Mauritania,1
a9841237-a840-4e39-bcbb-84af7e044545,67397,deposit,56105255,2024-07-17 20:02:59,Djibouti,0
fb764fb9-93d0-4a2f-af5d-036a0ef6d393,57036,deposit,63604292,2024-07-27 23:37:22,Fiji,0
ffd054ac-9559-43de-97f4-fcba647538e2,40115,deposit,44206091,2024-07-11 05:56:01,Tunisia,0
ce765155-394c-44bc-a623-f86bdb377be5,73157,withdrawal,41319818,2024-02-14 03:16:57,South Africa,1
e2df3d4f-e510-4024-9828-7b673ddc8877,43019,withdrawal,95045690,2024-03-07 20:42:11,Azerbaijan,0
0a603bfc-c3b8-4ddc-ba35-7f7efcef491e,80210,withdrawal,54250150,2024-01-25 06:43:16,South Africa,1
34f9623d-cb62-4346-94bb-dd9cf76de1ea,96510,withdrawal,28406869,2024-07-03 10:33:34,Austria,1
09beb821-c019-4c60-8385-26b21acaf664,31717,withdrawal,29937700,2024-06-12 02:18:10,Nigeria,0
ae45e55f-1476-4550-94a3-64e0b44ad3f7,74698,withdrawal,14731868,2024-05-11 04:02:40,Israel,1
d64e5e60-f7f6-4e88-aaf0-dba3a1c684de,10506,withdrawal,42551076,2024-01-21 16:44:08,Somalia,0
188784cf-681d-44f8-9940-763979ea469c,81098,withdrawal,93890379,2024-06-02 17:09:02,Guyana,1
6f18537d-aa19-4a76-80de-191f4e688b33,94865,deposit,17520953,2024-08-27 00:36:11,Guatemala,1
d390bcbc-6964-44de-b5e0-55efe87ce992,27715,withdrawal,78270541,2024-02-13 02:11:43,Czech Republic,1
9ddb1295-7821-4dc0-8502-42aa5b2de1ea,54557,withdrawal,1376712,2024-06-17 16:14:11,Ghana,1
5d627a58-8a7e-484c-9f62-46179d2552d3,78389,withdrawal,78263720,2024-03-02 23:35:21,Israel,0
b7dcc28b-42a6-41bc-a675-dab89d947d51,51746,deposit,55435056,2024-09-21 09:10:34,Taiwan,0
2611015a-2867-4d08-9a30-610d5217cdec,5033,withdrawal,76744555,2024-09-25 16:34:08,Denmark,0
cd722780-f9f8-49c1-abe0-3d994f26b0a9,74212,withdrawal,91484623,2024-08-12 14:54:15,Jordan,1
3f5c3e01-2653-4011-aa2d-122142d72e0a,80212,deposit,58941865,2024-04-15 00:37:57,Monaco,0
c081c055-a442-4e13-9c76-7db15914271e,76985,withdrawal,46843711,2024-05-18 12:46:44,Saint Kitts and Nevis,0
f9bccf03-c0e4-423a-9e62-721bea85c0a8,87004,deposit,64698357,2024-01-31 08:40:08,Namibia,1
8c448eaf-6a57-4776-a547-87483b33f485,87613,deposit,68321653,2024-09-06 21:35:52,Lao People's Democratic Republic,0
a60ff9ae-8507-4784-9f1d-8dbe9715061d,98257,withdrawal,76219061,2024-06-21 09:35:53,Turks and Caicos Islands,0
4b0bc5a2-9cf2-4393-8efb-fd458b2eb4aa,76734,deposit,78841091,2024-07-12 23:03:57,Wallis and Futuna,1
d4995ced-3918-4359-92fc-00fbd9ede8d3,38920,withdrawal,45584062,2024-01-21 09:21:37,Lebanon,1
0531d084-5fc0-4956-b8c3-0562c5c379de,75788,deposit,23792550,2024-05-19 08:39:07,Chile,0
cf8e683e-a0d4-4d6e-82e9-42928aef14d1,8394,deposit,28448037,2024-05-15 11:41:33,Italy,1
6abac1dd-3b00-445f-a367-2d9661177a13,60829,withdrawal,17475817,2024-09-27 20:38:31,Croatia,1
487f4f75-72cf-4b9d-95b9-88b1234c977c,53501,deposit,73107501,2024-09-28 22:19:45,Nicaragua,1
60ec952b-1530-4019-aac3-0bad96a385b0,99106,deposit,46382695,2024-06-06 14:41:02,Bahrain,1
b8f87683-1972-4bd3-95df-636c7743d70d,68698,deposit,80811321,2024-09-22 15:10:59,South Georgia and the South Sandwich Islands,1
9edf40b0-46e4-4ab5-9be3-3c875f3335a2,56607,withdrawal,54404775,2024-09-24 11:44:23,Saint Helena,0
93eb6a36-e659-44e3-9486-dc10d9cc29df,53667,deposit,10161494,2024-06-26 04:50:18,Malta,0
6eadf8ca-df74-4c23-8b44-bf5fb2b5e04f,99483,deposit,61105503,2024-04-01 12:31:52,Turkmenistan,1
33ff0e88-7e48-48a2-af63-2f58e80a0844,13105,withdrawal,94613781,2024-03-22 08:56:57,Monaco,1
0ade3343-1484-4de1-b842-c84687925344,20890,deposit,15054205,2024-07-04 08:07:44,Oman,1
b6892871-a59e-43b2-a711-9447b9c3db70,14291,deposit,1515495,2024-04-20 04:28:08,Sudan,1
3fc3df67-6e1d-4f59-81ff-089674a2bd0e,65271,deposit,9686591,2024-01-26 13:05:19,Mongolia,1
a1539fdb-2680-42ff-87fb-c6db05820c54,28225,deposit,20004779,2024-05-24 09:37:38,Denmark,1
3298f1bb-5fde-40f5-a6ad-1514e3e0b69f,11230,deposit,14950030,2024-01-23 21:41:26,Netherlands,1
64990eb8-01da-4adc-ae9c-13806370cdb8,46095,withdrawal,76709783,2024-09-05 04:17:01,Northern Mariana Islands,0
0c590f28-4146-43ee-b794-e057ec6b6576,93963,deposit,39317619,2024-04-27 03:31:43,Brunei Darussalam,1
a0e30aac-57d9-4d53-b00c-1257f9574381,41261,deposit,87422971,2024-07-20 13:58:18,Poland,0
6a6872e6-bad8-4634-9002-f75b14c85ebc,33655,deposit,38553286,2024-03-06 08:29:09,Hong Kong,0
29e8c251-4720-46ca-a299-68f1c463d980,7132,deposit,71788304,2024-09-14 12:05:44,Canada,0
6cea8a9a-7f9a-4610-b432-396a4f255196,34567,deposit,57419746,2024-04-16 06:00:20,Cote d'Ivoire,0
f291a45e-aaf8-4f2b-928d-79f63aad7ab1,15822,deposit,18358976,2024-07-18 14:12:03,Monaco,1
afb8239a-685b-4bfb-99e5-df4bcc49c7a0,44570,withdrawal,91993157,2024-03-16 06:06:13,French Guiana,0
4c327b10-9b59-4a7c-9e65-158b66fe971e,88219,withdrawal,74956888,2024-02-12 16:01:15,Israel,0
b95575de-36b5-4c05-bf23-697264b782e5,95826,withdrawal,60887631,2024-04-27 23:10:35,Libyan Arab Jamahiriya,0
2e85eb1a-ff5b-4723-9e8f-58dc1ba0b9ae,51170,withdrawal,69537040,2024-09-17 11:10:26,Thailand,0
546eead0-cc86-4319-a461-7958bfe081fd,4271,deposit,42601301,2024-05-26 09:11:56,Zimbabwe,0
0f982728-619e-45e6-9f3d-1cffee4d316f,21513,deposit,48578571,2024-04-03 04:10:41,Eritrea,0
d0b38f11-4401-47ae-89a6-cb3e3e5673c3,62983,withdrawal,86152389,2024-05-07 13:19:24,Italy,0
fa29a5c1-9adb-4951-9041-3e8b457aadee,55685,deposit,33021870,2024-08-05 03:16:45,Sudan,1
084d166d-7a6c-4500-8c39-d9669924ffbf,13698,withdrawal,97886369,2024-08-20 13:24:21,Libyan Arab Jamahiriya,0
738a6793-e257-4fbb-bef4-68f58790198e,38230,withdrawal,31937375,2024-05-19 14:03:21,South Georgia and the South Sandwich Islands,1
bcadf134-0b2f-48e9-b50f-c4a3e4336a3b,63397,withdrawal,10034414,2024-02-26 20:47:26,Serbia,0
b29fc098-ce6d-4fcf-9406-4bf825e6d22f,21885,deposit,54890843,2024-02-13 14:13:24,Ethiopia,0
6a541e24-50b3-4ac2-a630-bd70c9b3672f,44540,deposit,34790874,2024-03-07 14:38:51,Chad,0
a5a1a54d-f3b2-4127-827a-7f9bfa362d97,66244,withdrawal,99365568,2024-05-03 03:17:14,Bosnia and Herzegovina,1
636d91db-6fd5-4f91-b7c6-32becf270df7,99127,withdrawal,47032741,2024-06-06 01:19:23,Syrian Arab Republic,1
e8181d85-f320-4bac-898d-15e07395e1d7,33441,withdrawal,79060503,2024-03-16 13:28:50,United Kingdom,1
f9404642-90d5-4126-8d11-e788cf010528,7256,deposit,23353330,2024-07-11 08:15:36,North Macedonia,1
8b5b7afb-d8fa-4d3c-9384-83b595886e8b,26441,deposit,43315223,2024-01-04 23:42:10,Western Sahara,0
dfb56b0f-094a-41f1-80f5-6c64fee1e87c,84157,deposit,38397507,2024-02-25 13:15:58,Cocos (Keeling) Islands,0
864529eb-8e8a-4ce6-be86-61e1e9f1455e,40505,deposit,86883683,2024-09-27 06:38:22,United States of America,0
1b01d8e6-f14a-412d-8f70-75df2eedabbc,57807,withdrawal,34623141,2024-06-06 00:51:47,Argentina,1
b4db4e57-46ea-44ae-b085-75e4de21758f,29638,deposit,67903885,2024-01-25 06:45:48,Russian Federation,1
72c68047-8ec4-4067-949c-f18163a4fb8c,30056,withdrawal,32231855,2024-02-12 14:19:37,Mayotte,0
b966413a-63f7-4212-89c7-bb81ed61f257,48781,deposit,40537927,2024-02-07 04:06:00,Gabon,1
04226ad4-ff4a-4684-a74e-23641db1a9a9,63850,withdrawal,72253330,2024-03-22 01:27:10,Falkland Islands (Malvinas),0
945c0f67-eadb-491d-9f1c-ec83f37f44b1,1573,deposit,6367464,2024-05-16 15:27:24,Andorra,1
17d42441-dd76-47d4-a10c-d4619646f78b,730,withdrawal,43323401,2024-02-15 04:47:30,Senegal,1
70353096-90b4-45fc-b01e-f361b87f69fb,18830,withdrawal,24161450,2024-02-01 13:33:22,Switzerland,0
f9722456-6764-42d3-b60a-2d1d970bf883,51988,withdrawal,45065783,2024-01-02 05:42:43,Cambodia,1
bc046432-dc46-43cd-9dbb-6e7296b6ca2d,35696,deposit,1748332,2024-04-01 04:33:53,Macao,0
7f84d449-ee63-464b-a005-79bc4bf8efb2,88133,withdrawal,81337890,2024-08-11 06:56:21,Congo,0
ca93b730-56e3-4aae-9052-8bb49c47f886,83022,withdrawal,35263177,2024-07-22 10:51:57,Trinidad and Tobago,0
ee9363ba-691a-4932-b6a8-2d7887e5bce1,93444,deposit,65916755,2024-07-03 06:34:10,Cuba,1
4a99ecbc-ab21-43cc-90c6-77a8b0269171,10241,deposit,18266274,2024-06-24 15:57:51,Antigua and Barbuda,0
b356ce7b-87f8-4e77-9f4f-42151705bc86,47702,deposit,27580710,2024-01-13 02:50:25,Nigeria,1
46010195-4203-48cb-8376-223d1f32149a,65198,withdrawal,97393210,2024-08-20 11:48:17,Grenada,1
42af0849-4c1a-45a2-aca7-31669c9f89c4,95265,withdrawal,78974827,2024-05-31 21:15:42,Kuwait,1
0f9de5c8-686a-4ac3-9e54-f06a2794a37d,25559,deposit,77242662,2024-01-07 02:15:53,Christmas Island,0
cbd7647b-0737-4d0d-b362-ad0cb92491dc,92647,withdrawal,56893249,2024-09-07 05:06:07,Chile,0
edb63f0c-0501-4f06-9e64-cbc266ff00c7,22121,withdrawal,4874854,2024-08-04 11:26:13,Jamaica,1
b455b714-5b65-426c-a42e-164145b0e834,77573,deposit,64732428,2024-02-10 03:56:49,South Georgia and the South Sandwich Islands,1
c9d1a581-5d52-4a34-bf9b-9bff67b298d8,82297,withdrawal,45475703,2024-02-09 13:29:10,Algeria,0
59383520-d76a-4e80-8cff-4d7974710ffb,38262,deposit,38120617,2024-01-27 09:48:25,Canada,1
b11f45ad-9539-41ea-9e35-b83ae36e9773,98086,withdrawal,19673065,2024-03-07 21:59:32,Uganda,0
66fc5741-40c6-47b8-913a-799228cab5e2,38086,withdrawal,87204430,2024-02-07 18:00:15,Kuwait,0
5a9c8d3d-a81e-45f9-a95d-e523160b06a2,10330,deposit,9392074,2024-08-15 09:30:08,Estonia,1
87daba99-e12a-4b40-9f7d-b5480562af3e,15573,withdrawal,21144165,2024-09-30 08:10:01,Seychelles,0
bac8b275-5aaa-4634-b846-c0d3c1e3a64c,61266,deposit,23524661,2024-09-29 18:57:56,Nepal,1
9cb5042b-4c83-4554-896a-09eb97d14897,10189,withdrawal,55423281,2024-09-05 00:39:13,Somalia,0
df42189e-dce9-47c6-9976-fc4c5c120cfb,96219,withdrawal,63270061,2024-09-02 06:56:59,Belarus,0
32bf7ba0-e4df-4d50-aba1-982e2f90531e,31484,deposit,59313138,2024-04-11 04:21:23,United Kingdom,0
3a0ffccc-ed73-491f-b8db-5099202ef04f,48949,deposit,58147507,2024-05-21 11:47:27,Belize,0
e88ad5bd-056f-4df3-963b-b5519571f8ad,88470,deposit,67111969,2024-02-20 02:50:10,Iran,0
2b29f4ec-cdc7-4f0f-a41d-77bbdb1e820a,38261,withdrawal,21672705,2024-05-14 02:58:53,Christmas Island,0
4907c18a-f954-4f28-8e0d-cf47fa5e1679,48720,withdrawal,46485535,2024-04-25 10:36:48,Mauritius,0
3669daca-0990-415c-b8db-e00bd317f6ed,20327,deposit,98054842,2024-03-28 09:35:56,Cayman Islands,0
c8de8eaa-caab-46ab-8312-d8f2519e3687,68849,deposit,20295913,2024-06-25 12:55:30,Cote d'Ivoire,0
11a36e69-e32a-449b-be30-b65bc383b37d,62286,deposit,61409450,2024-03-11 18:35:11,Syrian Arab Republic,1
644024ad-4eca-4fbc-ac20-e7a341e519dc,46609,deposit,58785540,2024-09-02 23:45:39,Portugal,1
bae328fc-238d-43ec-9c7b-fd6be94b9397,25733,deposit,69502391,2024-09-07 21:17:49,United States Minor Outlying Islands,0
a0f4ae85-e6b5-4e65-8414-0539fab9dc0b,27242,deposit,83966553,2024-08-16 17:49:37,Saint Martin,0
fda6e437-e5b0-4803-a328-4af3167831e7,42487,deposit,53561503,2024-05-07 06:07:26,Brunei Darussalam,1
b5e4ffdc-575f-43a0-a8bb-1e4d0031d15e,21092,deposit,47999149,2024-01-02 15:59:25,Chad,1
cf96768f-5b65-4eda-a2d2-d9bf204e014b,24889,withdrawal,9899745,2024-09-04 06:33:32,Djibouti,0
5514de9e-8ee7-471c-aae1-bfe5fc430f7a,44434,deposit,61959157,2024-09-22 19:03:12,South Georgia and the South Sandwich Islands,1
e8865f21-e14f-410c-b4a9-e8189d9fba4e,63512,withdrawal,59122767,2024-03-29 16:45:08,China,0
7adc59ae-f49c-4e5d-9cfc-293d70951e71,94090,withdrawal,43766575,2024-03-04 05:45:17,Cuba,1
c9d8af5c-285f-44ce-ab75-939eddbba0c3,9511,deposit,49897430,2024-05-14 12:29:32,Pitcairn Islands,1
0185ca9a-efc2-4b28-877c-0574a549cc36,3991,deposit,42788188,2024-02-12 14:30:37,Switzerland,1
65d075f2-de66-4741-9247-eeddb29e6f3c,79795,withdrawal,40511953,2024-06-22 17:26:32,Antarctica (the territory South of 60 deg S),0
53161830-a0d9-4785-be8e-27e24dc11fe5,89818,withdrawal,46684959,2024-08-20 00:33:37,Tonga,1
3b1eee91-3d45-430e-9b1a-2d439675db32,56163,deposit,15302822,2024-02-01 07:04:48,Heard Island and McDonald Islands,0
64fbee3b-2b15-4cb1-8579-19171b407535,19841,deposit,28951222,2024-06-29 16:22:13,Lao People's Democratic Republic,1
18072341-da27-406d-8967-7e484bb96f7e,54459,deposit,42538015,2024-02-21 06:45:15,Slovenia,0
80621884-6403-4e03-aa3a-dff59b616fae,89047,deposit,45850434,2024-05-29 22:54:58,Bolivia,1
bec9f427-c14e-4d2c-bde0-579fbf52e92f,85165,withdrawal,69104282,2024-05-28 15:28:15,Fiji,1
358e2a4e-ef9e-4fc7-a923-2c364fb33610,34342,deposit,73669443,2024-06-29 10:19:46,Mexico,1
13a6cdcc-1799-4cc2-87b8-c6a06348a5ad,43181,deposit,72491019,2024-08-27 01:47:07,Montserrat,1
eff73697-b213-4c66-a859-d75d33644a25,82813,deposit,28595263,2024-02-27 19:23:54,Congo,0
2ae8e3af-00c5-4358-a83c-dd588ca1b4f0,97894,withdrawal,9279406,2024-03-21 23:39:17,Mauritania,1
071cbb07-ef2d-4752-b4b3-f0f26e55a1ee,29549,deposit,42324558,2024-07-19 00:27:53,Canada,1
a1eb0fe6-9855-4b26-a83a-ea52c033c970,33450,withdrawal,49160989,2024-09-16 22:44:23,Tonga,1
91ab6bfd-6ada-4ee9-bea9-c86c031818f8,40250,deposit,72242601,2024-04-13 23:00:02,British Virgin Islands,1
a7f59555-032f-49e5-a5cb-7c57f5d6b6ea,63971,deposit,92159823,2024-08-09 12:34:59,Afghanistan,0
1ac9922e-9393-4a4b-a443-8f92063544f9,77616,deposit,62733687,2024-08-16 18:31:36,Paraguay,1
fc87146e-f428-4b68-ad29-fb6e134ca786,15106,withdrawal,95539044,2024-06-04 11:57:01,Bangladesh,0
e745ad8b-d92c-49fd-9bd2-cd95cf9e43c9,82760,withdrawal,88687878,2024-08-11 21:30:55,Syrian Arab Republic,1
b249287e-c22d-4305-b3d4-0af21525830c,31300,withdrawal,44522277,2024-07-13 10:55:22,Micronesia,0
5ca1241a-27d3-47dd-a355-3cc9fc5ca18e,52401,withdrawal,63552648,2024-09-19 15:49:40,Dominican Republic,1
8b6c817e-3676-4772-97f4-1d7d4109e377,19285,deposit,98930089,2024-08-04 08:11:39,Norfolk Island,1
0ddd8d9d-1786-43fe-8902-8673aac421d1,29837,deposit,94045507,2024-04-09 15:45:59,Taiwan,1
fb308f7a-3b37-4881-8cef-6de59afde719,52314,withdrawal,65619434,2024-08-27 21:02:01,Venezuela,0
afeef500-4b7d-44ad-894f-87e37d973fc3,78605,deposit,91643023,2024-07-03 03:28:38,Papua New Guinea,1
1de13cf6-aad8-46ea-950f-2921daccd158,87932,withdrawal,17842244,2024-08-02 11:42:39,Rwanda,1
8504c92a-ab19-4ffb-b62f-c2b9513c8853,68697,withdrawal,64274463,2024-01-10 15:03:55,Netherlands Antilles,1
e055fcf4-6b8a-419f-bdc6-1408dc8b1712,62846,deposit,85290986,2024-07-13 12:45:09,Hungary,1
6d5cdedf-04c8-4909-ba42-ca46546a4815,41755,deposit,86052194,2024-07-16 12:35:32,Guernsey,1
99d226d4-58d7-404f-ba84-3b2fe854ccbb,90255,withdrawal,63369242,2024-02-12 14:10:51,Finland,1
b11d197b-8a01-4455-98f3-eafbbaae6512,6490,deposit,25550639,2024-01-10 09:05:55,Estonia,0
861c7ecf-e573-49b3-a84b-abc927f58b78,19653,deposit,64740747,2024-09-19 06:40:44,Brazil,1
97340fac-facf-4cb7-839c-1beb2dab83ed,59427,withdrawal,46114771,2024-06-10 14:56:13,Guinea,0
333ab25b-f4ee-4d76-b94c-a13b9552eb9b,57726,withdrawal,80674565,2024-04-13 13:53:10,Slovenia,1
b99e2aab-8c74-43b1-952e-1913346477fe,88641,deposit,89225103,2024-03-17 00:17:24,Thailand,1
30f77e6a-1fca-4e39-a539-ac7274be7b64,52581,deposit,30242092,2024-04-25 01:21:12,Fiji,1
aac85c1e-afa5-4307-8eda-4c9a4d3e9b66,82631,deposit,67017283,2024-05-10 18:56:44,Uzbekistan,1
1d0d5c8e-d83f-4624-a910-e80a3df8440f,92177,withdrawal,62794683,2024-03-13 05:20:50,Netherlands Antilles,0
12557a73-6ef0-4fe5-8e73-b38ca3960700,87621,deposit,26098887,2024-01-21 18:10:03,Niger,1
c2afb9da-5dcf-4e3c-ae71-d2ed667a4699,3487,deposit,45794988,2024-07-18 11:37:49,Serbia,0
55fddab9-573f-4559-982b-ac0b2d6861a1,65257,deposit,25662019,2024-09-18 18:33:36,Montenegro,0
16d5a2ae-1b30-479e-bdaa-89a6e3059e24,6556,deposit,98879745,2024-06-06 12:53:53,Korea,0
13061252-3764-4547-ad38-4e7e2c8866af,18299,withdrawal,20744138,2024-06-16 14:15:00,Yemen,0
28651e23-6ecf-4cf1-ad49-77036d133063,58061,deposit,63119987,2024-07-21 23:41:06,Cameroon,1
763d411e-dfa5-4f8b-ab00-14d2c2abffca,5576,withdrawal,92321538,2024-02-24 04:08:25,Congo,0
e14241ed-481e-497c-9af5-61b4c7038b1c,66223,deposit,58400598,2024-02-24 05:43:53,Bahrain,1
166fb6b6-c335-491e-8e1b-bf0c8fd850d7,65480,deposit,48212012,2024-03-17 01:10:54,Tokelau,0
c0fe1a0a-af97-4215-b17b-f2d36bc41e8a,71370,withdrawal,79442518,2024-07-08 20:10:35,El Salvador,1
2052e084-23a3-4fae-8e94-05b3ae5830f9,351,withdrawal,26939037,2024-03-11 20:44:11,Libyan Arab Jamahiriya,0
991557cd-ddf4-4522-acc8-07580fc33d62,5983,deposit,87842496,2024-01-17 16:29:04,Germany,1
9de90c26-9150-4c3a-96c1-295265570bdc,23112,withdrawal,5640884,2024-01-03 00:50:32,Vanuatu,1
e68fcb0c-53ea-4dc2-b428-f0be17fbc202,65195,withdrawal,15283554,2024-06-15 01:59:35,Turkey,0
8747cb1e-ea5b-475c-90f6-1ef199814dba,15768,withdrawal,61277570,2024-04-06 05:28:21,Isle of Man,1
dcc63c4b-dccc-4b03-be8f-7f0e6c3399e3,88722,deposit,17319062,2024-08-22 13:34:27,Estonia,0
9f9c3606-a68c-4c6e-a4bd-53a6dcce7ebc,28592,withdrawal,16360779,2024-01-07 13:04:03,Barbados,1
a167c795-afdf-4a0e-8941-aae9acf52a3c,37461,withdrawal,73879578,2024-04-10 06:47:04,Estonia,1
2fabfdeb-cbe8-4a30-8c15-2583635e93eb,26721,deposit,34140153,2024-02-15 12:52:59,Botswana,1
5c76b159-b117-48e4-91ea-a2647e3b17a3,35517,withdrawal,92073268,2024-06-14 23:39:12,Cuba,1
dcac301e-bae3-44ae-be24-c1e2378d3f2a,77901,deposit,30861960,2024-06-15 09:38:52,Denmark,1
74f19be1-2878-4713-af91-186d9fe9af0d,66896,deposit,85197912,2024-07-09 05:26:56,Ukraine,0
b1faec57-978e-4f61-96de-144d319636a3,93773,deposit,7694404,2024-06-22 23:23:36,Philippines,0
e34b7c4f-040e-4aae-bdce-bfc8fb3601bd,47523,withdrawal,83040886,2024-04-29 21:21:08,Cote d'Ivoire,1
49403482-495e-48c5-b3df-e7a491a51e89,87557,deposit,81477845,2024-02-03 09:15:55,Niger,1
0550aaef-fa1c-44c6-9037-11c74599b207,3840,deposit,30447448,2024-08-28 03:42:45,Colombia,1
8d4d0f7c-e87f-4759-98ff-be851832896a,76711,withdrawal,63005856,2024-08-06 11:50:47,Gambia,0
b352411d-363b-497c-a82f-149c66244500,98144,withdrawal,4549823,2024-05-27 16:00:29,Norway,1
1716223e-4fb7-499d-b826-626576454a13,82785,withdrawal,29217559,2024-08-24 03:05:51,Costa Rica,1
fa747bfa-0e11-4387-90c0-3b096656b259,91083,withdrawal,32113203,2024-07-17 00:10:17,United States Virgin Islands,1
5e671f43-ad15-451b-8137-87863f334887,99579,withdrawal,48878410,2024-05-14 00:36:25,Austria,1
7cf7c8a0-e531-460e-b1e9-feb315453dd9,84723,withdrawal,51245196,2024-01-31 15:03:01,Malaysia,0
2d3a6f03-e41f-447b-ade5-1abf654deee5,35942,withdrawal,1809858,2024-02-02 11:04:16,Guyana,1
0551b4fa-8a8a-468a-9696-8662e98be009,60823,deposit,75013743,2024-06-20 19:12:32,Liechtenstein,0
528d4535-cd1e-454a-b873-416c835c1cb6,9886,withdrawal,48325394,2024-06-28 12:34:45,Norfolk Island,0
ece63a32-006f-4d14-a464-3ac7d3993d24,99338,withdrawal,84644898,2024-03-23 18:30:45,Taiwan,0
ba75ef09-3409-4c05-a06e-aecbd4780683,1449,deposit,34926653,2024-06-04 15:47:54,Niger,1
dc9d47cf-5802-4071-896d-7db375d909ba,28344,deposit,31318699,2024-04-10 03:15:58,Luxembourg,0
7f15def3-5c19-4005-a45e-33086cbe312b,23563,withdrawal,98900950,2024-04-03 15:00:45,Gambia,1
a6ba57d0-e144-40a6-823b-f598bc43f6e1,17010,deposit,25311814,2024-06-01 12:54:57,Gibraltar,0
dbb6cec9-c054-4a71-a7a1-3275f096465f,63695,deposit,90209260,2024-04-15 21:38:50,Vietnam,1
e27d346f-15d3-4341-87e2-c6f1cdff03b8,67735,deposit,11692001,2024-03-31 14:40:04,Paraguay,0
e9f58c57-077a-4ab2-9748-1cfd9cadba63,17303,withdrawal,74240746,2024-01-29 19:34:22,Mayotte,1
bc7a5ac5-0092-4ae3-8370-974d25ffa949,52092,withdrawal,37365157,2024-07-23 21:46:03,Anguilla,1
263c1421-009f-470c-8462-ad84e4146744,95891,deposit,69031277,2024-01-28 16:38:36,Congo,0
2453811f-8c82-4e50-b56a-907ded2524b0,6037,withdrawal,15231662,2024-06-22 03:16:26,Sweden,0
e6002d35-8902-4278-961c-e9a92c1bf454,91090,withdrawal,29645851,2024-04-03 05:20:08,Martinique,1
7284a72c-f438-46a7-8c42-744ba8e498da,38481,deposit,76925097,2024-08-22 22:31:10,Saint Barthelemy,0
9f9d2eca-c37c-41fb-880e-f3b346d0322c,94304,withdrawal,22438214,2024-02-16 21:13:40,Philippines,1
39fb751a-6538-4f6f-80ee-faf1fa30f213,72058,deposit,89254771,2024-06-07 03:12:41,Jersey,0
a0dd9cf6-8589-4742-9c77-84ed608da5f6,74433,deposit,29258830,2024-05-15 21:55:43,Canada,1
cbd55f8e-e070-455d-b008-66c7bf940c80,79238,withdrawal,34905881,2024-03-27 15:42:37,Uganda,0
17afdb23-6f1a-4141-8ad3-1ad8ab82dc4a,11550,deposit,15922870,2024-03-20 03:51:38,Bhutan,0
cff93ad5-8b61-49c0-9d07-c3501416262e,24525,withdrawal,33391689,2024-01-27 11:41:52,Congo,1
3709157a-1718-479d-a0f0-7207fcac1833,53763,withdrawal,36516860,2024-09-18 03:16:02,French Southern Territories,0
7948ba40-4e4c-420e-914a-78596cf9c6d6,1911,deposit,74489136,2024-09-20 02:41:14,Chile,1
e14f384d-1620-43e1-8c17-e4a8d5d8afbf,37224,withdrawal,19706027,2024-01-04 04:57:59,Singapore,1
78f2bfaa-063d-43e2-bbbe-0c33229e70c3,20223,deposit,84196816,2024-04-01 11:06:27,Uruguay,1
52160d04-7525-49a3-8269-a6e2d1bdef6d,18853,withdrawal,15345897,2024-08-08 03:20:42,Marshall Islands,0
21e79c3c-0b32-4081-b162-313975728181,64920,withdrawal,14534154,2024-06-10 15:24:13,Slovakia (Slovak Republic),1
296aeb6b-93ed-4556-ac57-60569729dd56,26307,deposit,86144245,2024-06-27 16:59:22,Chile,0
0d1bc4cc-7033-453b-86e3-25ce51425bd4,11507,deposit,25361877,2024-03-31 06:41:48,Bulgaria,0
12e94de1-b0e0-4f86-9ec9-5eeddf0f1127,69159,withdrawal,88630067,2024-05-19 03:58:19,Poland,1
bbb5c04c-11c2-434b-95cf-556e9adb5f6d,46736,withdrawal,96808426,2024-02-17 06:11:43,Holy See (Vatican City State),0
3212863e-257f-40c9-b638-fecf0f57ab60,26405,withdrawal,20519365,2024-04-26 09:17:42,Nauru,0
386a5c3c-9434-4dc9-b378-c1c256366d72,28770,withdrawal,79661107,2024-09-06 22:35:42,Gabon,1
8d164171-f626-49a1-a071-544f918e6019,19789,deposit,43881364,2024-07-18 19:53:15,Bolivia,0
452a9ef6-d525-438d-9b26-2aa73d1d7a10,86270,deposit,40466267,2024-08-13 21:48:05,Bosnia and Herzegovina,1
1331e7a5-2bfa-40c9-ad3e-d7a5a3bae7ce,83064,deposit,71710161,2024-04-07 00:08:44,Bosnia and Herzegovina,0
5cdc4466-49aa-4eeb-b27e-a75a2891876b,23969,deposit,84285670,2024-01-14 23:18:53,Algeria,1
49d6ca8a-8cf7-40a8-bad9-ccedfe1068fb,38069,deposit,33835254,2024-01-10 23:20:53,Monaco,0
c42416d7-c0d8-4c25-aec5-2af620b15133,61129,deposit,62297468,2024-07-02 01:20:57,Somalia,1
3b8b6081-ba4b-417f-8dbb-17ad0e3836b4,82878,deposit,99584667,2024-08-31 03:11:16,Faroe Islands,1
e738e1a9-53c7-4007-8486-f4a6d5dd0a26,24152,deposit,47680525,2024-04-23 23:33:23,Mozambique,1
75b20ef2-ea73-48a5-98c2-c7dfb00797c8,29977,deposit,14164057,2024-03-03 22:38:06,Nauru,1
eda76489-6474-44c8-b288-35a1f340ad1e,40958,withdrawal,95562682,2024-02-17 04:10:39,Singapore,1
2d64ab3f-233f-42ea-b2be-39435cf07c68,59034,withdrawal,78410390,2024-08-15 05:12:20,Egypt,1
c17d6a5d-31e4-4058-aef9-298214c88d87,96897,deposit,64471876,2024-09-10 13:44:39,Afghanistan,0
a0ec1031-ba14-41fa-a21c-2ee0efa7c09e,32151,deposit,2779278,2024-02-04 12:09:33,Slovenia,0
11c93242-4fa6-4dc3-9877-5701eb48316a,36009,withdrawal,81876741,2024-05-05 07:12:05,Ukraine,0
31d52880-f00e-467f-acd7-7c2c36eb57b5,56133,deposit,56502993,2024-04-22 03:27:16,Albania,1
a61187dc-76ad-423d-9fb6-b9fae1079880,5276,deposit,74525549,2024-03-31 18:06:29,Andorra,0
054bf40c-dc6c-4fae-91c7-87944d994ff3,76598,deposit,79016227,2024-07-26 09:03:55,United Arab Emirates,1
0f743706-d109-40a2-bad4-1ae9e4e0633d,53643,withdrawal,76233170,2024-02-17 12:23:11,Western Sahara,0
2c971107-2637-47b5-9ab1-a7205b0d51d2,64688,withdrawal,14545797,2024-02-20 17:58:12,North Macedonia,0
320f6d6d-19c6-4af5-a037-5989e79ad3ca,36663,deposit,63006141,2024-04-25 06:00:58,Tunisia,1
29760774-91aa-4e89-a55d-efecf148f1b8,22894,deposit,17627629,2024-03-26 15:19:47,Christmas Island,1
ca2d34e7-d3a0-4258-9d75-a6251b4c30fa,11702,deposit,19553275,2024-05-17 09:37:48,Burkina Faso,1
81d0e5df-e1ee-4eda-b745-9a550e1b1a92,29048,deposit,60494599,2024-06-13 03:52:12,Saudi Arabia,1
89e9a9b8-e942-49c3-b4bc-7173a5b98dad,74333,withdrawal,16417711,2024-07-22 01:53:18,Botswana,1
71a07bbf-e320-4f69-9b46-2cda27d7d438,62496,deposit,9491001,2024-07-21 06:01:14,Tokelau,0
829f872a-aa0c-4d2e-b968-296b071add2c,57036,withdrawal,2080085,2024-06-29 23:19:05,Iran,1
ec893e1a-fca1-4229-8336-37223764a4e6,25075,deposit,26827635,2024-06-13 19:23:35,Norway,1
25caf8b2-94f1-4130-a385-eddd00e841f0,24169,deposit,43073864,2024-08-21 01:46:50,Andorra,0
2894912c-5e4f-4100-b922-46155340cd2f,14655,withdrawal,76657785,2024-02-15 01:11:48,American Samoa,1
8a6787e7-9b9f-4d95-89db-9f159de442e9,7098,withdrawal,93116100,2024-08-30 10:15:42,Chile,1
4b386f22-7f87-4517-ae4b-3d3cc33111b1,5247,deposit,32334876,2024-04-29 13:03:00,British Virgin Islands,1
5c8467d6-ab0c-45d7-8eea-a7abc0c720c5,20135,withdrawal,31495418,2024-09-27 21:19:04,Cambodia,0
e4474e4a-a26a-459b-a984-92ef3b1c5800,12413,deposit,26169347,2024-08-20 05:35:47,France,0
7eddad71-11e7-4218-84ef-d949a7ab66bd,81751,withdrawal,1130017,2024-05-07 21:23:52,Argentina,1
ef13a8d2-870c-433d-ab3e-fdab053be072,23295,deposit,46424629,2024-09-25 00:39:56,Bosnia and Herzegovina,1
679f65fb-e999-4099-85a0-813ce15da787,37561,withdrawal,65307830,2024-08-16 12:17:20,India,0
af4c37d0-d04c-4d56-8c85-484261212959,6721,deposit,86269028,2024-01-29 05:37:52,French Guiana,0
7401f293-0ed1-412b-b62a-81563cb993fb,82117,deposit,95178698,2024-02-02 00:58:08,Malta,0
511d84e3-9574-4800-948c-0e7ead216487,55464,deposit,38969185,2024-06-23 12:06:19,Guinea-Bissau,1
b16089a6-a024-457b-9b34-0775e305f233,43962,withdrawal,56894164,2024-03-08 09:16:03,Solomon Islands,0
1cbd54b7-c9ff-470f-baf1-3703a1bcd5ca,1519,deposit,16945969,2024-03-01 05:36:42,Suriname,0
b68cd28a-d602-47c4-bab4-3af04af8f8f4,21345,withdrawal,40344876,2024-01-21 20:45:45,Bouvet Island (Bouvetoya),0
44745d21-003d-40f9-a610-50931a21d774,29096,deposit,39024569,2024-04-28 10:08:34,Saint Pierre and Miquelon,1
263c8d2a-e40d-4eea-a764-718a317ad77a,73849,deposit,67455772,2024-04-28 10:36:41,Nicaragua,1
7bb0a889-230b-4cbb-bf98-23cc4fce2106,76044,withdrawal,47251051,2024-02-27 06:00:33,Wallis and Futuna,0
1fa9f73c-9dda-49be-9dc3-d309e43b62cb,62689,withdrawal,97238830,2024-09-01 20:00:13,Namibia,0
9bbad4ed-26b8-494c-babe-704360136673,6530,deposit,26717079,2024-06-28 05:09:49,Liberia,1
9577cc73-f11b-4938-ac06-1d3d9633a8cf,33414,withdrawal,24955504,2024-08-08 15:59:52,San Marino,1
b8151d6e-71a4-4482-8e0e-c8b6dcb3714e,64604,deposit,32680036,2024-07-12 16:43:35,Haiti,1
3823765e-63a2-4856-90e8-9840b22b7fb4,45067,withdrawal,69644734,2024-02-10 01:35:56,Switzerland,0
991870a5-6ad4-47a0-a190-63a4bd59622f,68171,withdrawal,80534381,2024-04-03 13:48:19,Cambodia,0
d2928b15-7639-40f6-ba22-289c7f092483,32592,deposit,8479290,2024-04-01 06:08:37,Albania,0
82f628ba-7d39-4132-a3c3-b02f431d9177,40767,deposit,17938543,2024-03-14 14:34:09,Seychelles,0
fa850ece-dd0c-46f7-ada1-57debc5b6f80,60728,deposit,94654828,2024-01-27 05:52:43,Singapore,1
6be6c145-78d4-4333-a864-9288cfbb45f4,65479,withdrawal,87069075,2024-05-23 09:59:03,Botswana,0
64f70846-3b68-43a9-82b1-23dc2bdeaf6a,32395,deposit,83134290,2024-05-07 23:04:57,Saint Pierre and Miquelon,1
816ad409-a70c-47e3-ad6c-82e1c79a3cac,32092,deposit,56409004,2024-02-03 00:34:24,Chad,1
50fbecee-d5e9-425a-8cba-5d38cfd0682c,19606,withdrawal,47887994,2024-07-22 20:04:09,Moldova,1
14cea020-a47a-46a7-b966-171eca9eb6ca,12130,withdrawal,50231651,2024-05-29 21:36:22,Cuba,1
f1bb4698-f195-4054-aefe-c5a5310455fa,63945,deposit,1906700,2024-04-11 23:59:40,Central African Republic,1
250ec40c-eb56-4285-9483-3b95c1e69195,54383,withdrawal,78346410,2024-03-07 14:26:14,Lao People's Democratic Republic,1
ec89d4c9-a26c-46e0-9f36-c87297bce1ef,7026,deposit,43737206,2024-02-23 16:04:26,Bouvet Island (Bouvetoya),1
52cd74b3-e440-43c9-8f83-98f7aad5486e,74298,withdrawal,18470928,2024-04-29 10:32:15,Fiji,1
f82342db-49c2-484f-b982-8546a4a534e9,36548,deposit,9655024,2024-06-18 11:41:55,Taiwan,0
ed8bcd71-6c15-457f-bde3-3c22338dc17e,47502,deposit,8610183,2024-01-22 12:32:09,China,0
4f17582f-7a2d-4e16-8fed-caf73a482f72,92973,withdrawal,59709212,2024-03-24 09:00:54,Malaysia,1
4a1be46f-eb2a-423d-9b28-ee1e341b9c67,34382,withdrawal,27512572,2024-07-28 07:34:15,Singapore,1
c87e64cc-1cb5-452d-b339-6b877bb72aad,42583,deposit,52208922,2024-05-14 11:20:14,Kyrgyz Republic,1
4a2274fd-7b9c-4c4d-b37b-1a03e59dffc8,19153,deposit,65217407,2024-09-30 00:18:28,Isle of Man,0
67003afa-c429-43ea-8ed8-612797dea691,4192,withdrawal,89455030,2024-07-07 09:11:43,New Zealand,0
97145b77-0248-4d23-9847-98909cef021b,49104,withdrawal,14961930,2024-09-07 10:39:26,Denmark,0
65a3d7f0-2dbf-4c6a-bc93-ed035e40233d,3725,withdrawal,45044930,2024-07-01 06:55:44,Kazakhstan,0
91154900-857d-43b5-814e-6dfc5d53f5ce,32689,withdrawal,51310228,2024-07-11 07:12:05,Pitcairn Islands,0
b0e5fe76-e662-4459-92dd-dd63836008fb,47497,withdrawal,36560890,2024-09-12 20:48:22,Vietnam,1
e7c5abe4-0a92-4089-9904-a2f53bd2064f,47468,withdrawal,35657783,2024-09-26 02:03:00,Gambia,0
b9aa1d18-117e-4466-bfa7-8d6db4bb4cfd,1950,withdrawal,67652647,2024-07-28 05:11:51,United Kingdom,1
ca2c48d6-8e89-479f-bef1-1899b8109571,6902,deposit,51974793,2024-06-18 14:18:36,Zimbabwe,0
9d1b1741-9311-4046-9f1c-d23f877cafb3,68002,deposit,89671908,2024-02-23 12:15:59,Timor-Leste,0
5ce3940a-e335-4863-978a-b140ebbf12c7,83605,withdrawal,79720482,2024-09-17 05:55:51,Qatar,1
5f79d661-ce6f-4ff2-bed9-e76f4ef866df,19414,withdrawal,95823760,2024-03-20 16:25:52,Congo,1
988e3f86-62a3-4b59-bb21-6d7717092fd9,71802,withdrawal,37364416,2024-06-25 17:15:40,French Southern Territories,0
bd9553c8-932a-4ad8-86a5-326d0dc39b53,53921,withdrawal,47519901,2024-09-08 19:27:22,United States of America,1
c95c180c-27e2-436d-b184-b8e12618b3f4,22981,deposit,2796238,2024-02-02 04:57:09,Nauru,1
10cfdb9f-a9ad-496c-8599-84e150e682ad,88572,withdrawal,67117268,2024-09-25 14:57:09,Netherlands Antilles,1
3264236f-35ea-40a1-b0f5-6e030b9a1a35,74648,deposit,79588552,2024-05-05 07:22:23,Syrian Arab Republic,1
394ea316-e168-40f5-b518-50e6f277b487,59669,withdrawal,17457692,2024-07-18 13:55:10,Austria,1
e7478d75-9544-4963-bb30-51c3163a88f7,36953,withdrawal,33954381,2024-09-03 08:31:24,Vietnam,0
d9897ffe-c810-486c-9a7b-73114b8d3596,31439,withdrawal,85462333,2024-06-24 07:06:46,San Marino,0
b9e3466e-c030-44ec-b46c-176101b22b9e,20266,withdrawal,89715062,2024-05-01 05:19:52,Pitcairn Islands,1
9220bd62-cb5a-4136-acae-29c0ddc4e24d,56010,withdrawal,38516224,2024-02-29 23:50:07,El Salvador,1
b214c9d7-5c3f-4a7d-8850-3545a85e31ca,56722,deposit,12134767,2024-05-31 05:55:51,Bouvet Island (Bouvetoya),1
4d814e3c-fb8f-46d0-aaa1-0213b23c6963,70324,withdrawal,86961677,2024-03-27 23:21:16,Germany,1
20c67326-0c0f-422b-be5a-a389c3d02f9e,49548,withdrawal,20359495,2024-06-12 16:16:59,Barbados,0
afae4337-3592-4203-91fd-0a4d2ccfc70f,84446,withdrawal,23100788,2024-07-27 09:58:51,Liberia,1
61e22a6d-b46b-4298-bda9-91d97d22616d,26080,withdrawal,86315218,2024-06-13 00:30:49,Ukraine,1
6414568a-2e2f-4db7-bb52-d820c7b187db,17987,deposit,42747537,2024-05-01 07:14:54,Macao,1
aec0a074-a11e-409f-8819-684ace14c0b0,84918,withdrawal,36072287,2024-09-13 16:27:42,Norfolk Island,1
36028183-d253-4ce4-98b2-2c1a69c61f7a,41817,deposit,89514810,2024-05-06 14:05:55,Belgium,1
81142ac1-8dde-4b01-9286-dcf45bc7621d,29776,deposit,26900612,2024-07-03 17:18:12,Switzerland,0
146b85c9-14e1-42a3-826c-988296e092ef,61434,deposit,93750603,2024-06-30 02:11:17,Niger,1
d8237b08-fb46-48e2-b9ab-8943d34d1281,31414,deposit,1692742,2024-05-24 04:17:09,Mongolia,0
a6c6ecda-8b02-45ed-8731-1100c0635e72,85329,deposit,38398206,2024-08-19 13:55:01,Togo,1
dc2be0f3-5f00-4ace-83a1-92b753ce607a,83555,deposit,7012000,2024-05-18 20:48:43,Panama,0
b67aba6b-32bb-4445-8ef9-561284fad0bc,92219,deposit,11470402,2024-01-08 08:09:24,Cape Verde,0
69ca7543-748c-4d03-9b47-6ab3ee583c85,17350,deposit,22796445,2024-03-17 01:14:08,Nicaragua,0
3e72abbc-f7f6-4b61-ad0e-7aa6e1c48c19,20718,deposit,72076542,2024-07-22 09:03:16,Lesotho,0
e2ebbc1b-43af-48c0-9ce9-1bc57a5d489a,16447,deposit,63029539,2024-05-14 21:46:43,Guinea,1
7f90c428-201c-4388-9ed9-4f9d0c904f0a,43736,withdrawal,32001829,2024-04-22 05:08:00,France,1
f62d2f2d-6865-4775-a618-f38c22d293ac,30537,withdrawal,55998597,2024-08-11 23:56:59,Tunisia,0
44922fa1-510d-45b3-9e8a-fd58c4553be6,96157,withdrawal,64053625,2024-03-03 18:07:36,Russian Federation,1
ee1b3506-7c21-4c6d-90df-d38459f43bf0,74188,deposit,93787873,2024-02-03 11:57:31,Cote d'Ivoire,0
03aa0b5a-79fa-4299-8387-6235c68473b5,61938,withdrawal,9687295,2024-09-15 22:51:28,Costa Rica,1
8fd848b4-0947-4d15-894d-54aad502da0b,46906,withdrawal,59693342,2024-04-17 14:14:49,Angola,0
f7dbe1dc-c482-4a06-843e-a78348cc8edf,37050,deposit,75531798,2024-04-27 01:00:53,Germany,1
fffecb11-da9b-4423-92af-ecd80739edc5,76874,deposit,15906384,2024-04-28 09:30:32,Ethiopia,0
f1c07355-55e7-41f3-8ff3-a3fc82680479,66785,deposit,65765487,2024-09-21 07:53:27,Nigeria,1
ff85601f-1cf2-4a95-a317-b5de9ab2148c,37872,withdrawal,58757270,2024-07-25 10:38:30,Chad,0
a18d3fda-b847-4ae1-bb6f-1a1165a751c1,96533,deposit,40570278,2024-08-29 22:31:48,Liberia,0
5cf9dfcf-d394-4597-adc4-bba4bb420c70,95955,deposit,45174960,2024-02-03 16:00:52,Nauru,1
dcc5013d-e654-4b8c-b6c4-7a232f85f4ac,21302,deposit,50735492,2024-02-20 03:17:55,Jersey,1
6193d182-5e96-4302-a469-5608aa28dcc1,33928,deposit,46569579,2024-06-29 21:16:58,South Georgia and the South Sandwich Islands,0
b4fe1fc2-0380-4ef4-a3f4-e0abd801f6d9,57521,withdrawal,58854070,2024-07-09 20:39:58,Belize,0
418f1918-0e34-4257-9b94-4735ada88c33,27132,withdrawal,18788519,2024-05-10 12:06:23,Comoros,0
038029f5-3271-43d2-b34c-4645873e719a,20044,deposit,28785439,2024-03-09 06:32:39,Sao Tome and Principe,1
95efd932-db9b-4099-b725-fdc75aaf10a6,6272,deposit,78795702,2024-04-25 20:08:04,Liechtenstein,1
dbef8257-8910-4a89-8883-2a6f936c8542,89101,withdrawal,15139576,2024-05-24 06:51:06,Croatia,0
4fbb1c38-2cd9-48fa-889a-bd2dbe7d3a0b,80973,withdrawal,25110505,2024-06-10 10:12:25,Timor-Leste,1
fbf43b43-404b-4d52-838d-c92833435dd5,51345,withdrawal,93088786,2024-06-16 03:32:19,Mozambique,1
f9b0f151-02d0-40c3-a1dc-703b4e25fea4,82424,deposit,60507764,2024-04-09 15:16:37,El Salvador,1
10f2e3f6-5bf3-44af-a47e-f91bab807c6e,15483,withdrawal,69502736,2024-06-29 07:14:56,Greece,0
44e34201-195a-40c6-b29e-d520b056bb5d,70399,withdrawal,13774564,2024-09-09 14:35:20,Tuvalu,0
37231a2e-5483-4554-a0e4-120132c56084,76784,deposit,73152447,2024-04-04 12:40:10,Cuba,0
b27cb7c5-d925-4800-8e5e-232e9fb51db8,88552,withdrawal,78257310,2024-03-16 01:06:22,United States Virgin Islands,0
0c78d07e-706a-4f37-a80d-fc37c90ce5dc,56229,withdrawal,15845883,2024-06-09 02:39:59,Barbados,1
26b3a1a7-e45a-4516-919e-ff9a48ccf296,29459,withdrawal,15229079,2024-08-16 12:54:34,Tokelau,0
0c6a151c-5212-4818-99b0-6147b36bcd7c,44357,withdrawal,90133743,2024-09-03 18:03:29,Cook Islands,1
39c4462e-5723-4a93-9238-5d361b817baf,34262,deposit,89872695,2024-06-08 20:58:27,Japan,1
fd6f0a93-d436-4dbe-b08c-8a2ff57b4bb4,88712,deposit,75151975,2024-06-07 06:46:41,Holy See (Vatican City State),1
85b3d77c-1c25-4947-a9c7-acc752c645bc,50841,withdrawal,23653575,2024-08-16 17:49:38,Singapore,0
806f61cd-83de-419d-a159-64d17d43bec0,13009,withdrawal,75412215,2024-06-04 02:23:27,Togo,0
29ea6af3-8d67-4238-86c9-900a2c49d284,90322,deposit,80344541,2024-04-23 14:52:48,Argentina,0
09cae329-decb-4d81-88a9-c7c7d479b8b5,51397,deposit,57327248,2024-09-02 16:57:55,Jordan,0
3766e71f-e9dd-448d-8867-ebfd0c4dbae6,11493,deposit,46970908,2024-07-18 12:35:37,Guadeloupe,1
c7dc3aab-648e-4a76-9bbb-8598c15a306a,30679,deposit,19979861,2024-05-26 07:49:15,Gabon,1
f5efe2b2-46db-4728-87e8-a190e8ef527c,2875,deposit,44039661,2024-06-25 19:22:48,Somalia,1
a54f6fba-d12f-4673-b9dd-906bf89326fb,66575,deposit,72119998,2024-01-29 18:14:37,Thailand,0
005941eb-f1c0-4bfd-b5f3-1149824ea8e3,52247,withdrawal,96586731,2024-09-14 23:06:46,Guernsey,1
49dd9f4a-8b1e-46a7-99e2-dc5da6f64dd4,33111,deposit,155758,2024-02-08 20:50:13,United States Minor Outlying Islands,0
5fc7b0b3-55df-40b4-a94b-688cf1105529,57993,withdrawal,43810922,2024-01-06 05:43:34,Guernsey,0
38232784-7aa1-42eb-8f60-c517eed24359,17068,withdrawal,39297323,2024-02-18 00:02:12,United States Virgin Islands,1
cdfae3bd-edf2-4451-877e-c177c190da06,5106,deposit,45236854,2024-07-17 11:49:43,Norway,1
6173677b-1145-423b-b5fc-7a793b704b35,28726,withdrawal,18390735,2024-09-11 08:19:38,Lesotho,0
bc9fa8dc-9902-42ae-aa16-fd1d2fa6cb42,22359,withdrawal,37424800,2024-05-05 14:00:29,Turkmenistan,1
bf2dcba7-db32-44ff-a8ef-c1c44ffe2e9f,90199,withdrawal,55789176,2024-05-21 06:49:38,Sierra Leone,1
f6c93cf3-ae87-4c35-8242-d57c827765f0,81280,withdrawal,85790737,2024-06-02 21:29:17,Tanzania,1
b984ed1b-33e6-4a9b-b6bc-fbc78d8f0630,48084,deposit,48786109,2024-05-01 21:13:58,Tunisia,0
99a01031-f194-48ea-9df4-31ad6658d34e,18606,deposit,87551339,2024-08-22 00:09:27,Uzbekistan,1
6d0e505a-4da0-4b68-b0aa-e44acd67957c,30813,deposit,72146582,2024-09-16 20:20:52,Bosnia and Herzegovina,0
6c1f9bcb-2459-421f-8590-bc2a57f29824,59128,withdrawal,8793434,2024-06-14 06:49:21,Belgium,1
ff0f5d80-1ab5-4986-970f-2b5d0f389ada,54945,withdrawal,47598390,2024-06-15 18:04:13,Madagascar,0
de866328-6452-47c8-9a22-eb1108299241,38475,withdrawal,75687456,2024-08-23 20:06:13,Brunei Darussalam,1
2bd945fd-fa5e-473d-ac81-36d5edaaa95b,53911,withdrawal,8434443,2024-07-07 13:10:32,Gambia,0
113ae8ea-90fe-4717-9e34-9b18316771fe,97673,withdrawal,89810158,2024-03-16 02:30:32,Israel,0
ebf00389-23fc-4048-9525-a64ee081cc94,52413,deposit,75346250,2024-04-16 22:42:20,Turkmenistan,1
cc1d855f-9b5e-42b8-827b-50ede6d98cf9,80648,deposit,48056309,2024-04-02 03:45:56,Heard Island and McDonald Islands,1
bec65144-95c6-4af7-8d81-60bb446254ad,37717,withdrawal,73636536,2024-03-01 16:41:02,Heard Island and McDonald Islands,0
cf5091ca-432e-4b40-9c91-344818e61d11,52731,withdrawal,27033629,2024-07-22 05:41:11,Turkmenistan,0
93b37809-dafc-4db7-8da1-a41932793b1d,6843,deposit,17142946,2024-07-10 06:15:30,Djibouti,0
31a968d6-8aae-4006-92bb-6327e70822bf,88206,withdrawal,30008379,2024-05-25 13:31:11,Burundi,0
08653918-b61c-4548-bbf4-0c98e064948c,36555,deposit,13776576,2024-09-17 22:35:16,Suriname,0
9e1a685e-de77-4c4f-b5f7-5b9869ac3a01,12215,deposit,36431020,2024-02-08 12:53:54,Antarctica (the territory South of 60 deg S),1
627d0b0b-3023-46b1-b613-be47c3439542,16264,withdrawal,85503428,2024-05-09 13:23:40,Cocos (Keeling) Islands,0
722ee375-4700-4b7c-9f53-9cac76ac544d,31881,deposit,48360955,2024-07-21 13:47:00,Oman,1
ea1d64e3-07e3-439f-8a14-ba266a9ae89d,83575,withdrawal,42435324,2024-02-04 17:52:59,Lesotho,1
c7202a19-147c-441b-8c21-bb7c5f206677,88192,deposit,9868772,2024-01-12 19:16:55,Azerbaijan,1
1719ff66-abe6-4cc4-b6a0-1595a31484b9,66508,deposit,18114021,2024-09-22 09:10:56,Bolivia,0
4d405c36-3c87-46cc-b854-548a45a55d22,84073,deposit,7757210,2024-04-08 07:23:04,Norway,0
18d54fd2-d8b9-45ae-a611-f57b23537471,12784,withdrawal,97926193,2024-05-15 02:23:13,Christmas Island,1
82b71744-b63b-4270-a594-43a05fd70fb0,1722,withdrawal,80307271,2024-04-30 18:49:53,Kuwait,0
1ba6b883-f94b-43fa-a990-ade2ec5d4fc9,15053,withdrawal,202998,2024-02-11 07:23:24,Samoa,0
364fcf1a-1c9c-49e4-a8aa-41ea27eaa387,77097,withdrawal,15087225,2024-04-21 10:43:33,Netherlands Antilles,1
72110c60-6df2-43f2-bb27-f353a92b3d30,69572,deposit,33713393,2024-04-30 12:43:21,Brazil,1
0f256f8f-0020-40c6-9a6c-d12b40cab6e4,22,withdrawal,51527280,2024-08-09 11:30:25,Austria,1
1acc0b26-aad9-4186-9253-40d1132552fc,68345,deposit,26218498,2024-07-25 14:32:59,Venezuela,1
97f832f2-8b71-4f95-944f-6d77b07e2858,95473,withdrawal,22342886,2024-06-16 02:05:01,Korea,1
02db5207-45de-48fb-a54d-0844d09cd36a,37854,deposit,20772312,2024-08-11 13:59:07,Sao Tome and Principe,0
46d996d2-c218-4a1e-a253-96caf6d66042,85357,withdrawal,61608132,2024-03-20 16:06:41,Saudi Arabia,1
23ff8f91-455c-45f4-9a55-f349898908fb,68524,withdrawal,4906251,2024-03-15 04:19:42,Burkina Faso,0
469b7a82-5925-4840-af3f-793448817e92,91442,deposit,74731651,2024-06-01 20:40:24,Uzbekistan,0
aad000e8-4409-4306-ae39-74ff9ec5798f,18573,withdrawal,99959318,2024-09-24 02:01:22,Saint Pierre and Miquelon,0
9f7ac751-49c0-4662-9d74-32bdbe28a88d,9671,withdrawal,21096472,2024-09-02 09:42:45,United Kingdom,0
6099f396-ce44-47e4-bad8-9454d6b983e5,79429,deposit,82249024,2024-04-19 06:21:41,Colombia,0
280d3320-7e8d-4cb7-9639-693fa358b52e,53919,deposit,46588705,2024-05-10 01:55:49,Libyan Arab Jamahiriya,0
ced97d74-5fd7-4f64-8d27-953093c19bca,58062,withdrawal,82549732,2024-02-19 20:33:57,Ethiopia,0
99dedf0b-f86e-4565-9049-e3b713d9674f,37250,deposit,76014780,2024-05-11 23:00:22,Venezuela,0
1f17ca17-a697-4b26-be06-c5723ab42d9f,54820,withdrawal,32777610,2024-02-26 00:58:15,Romania,1
93d63118-f117-4529-919d-f31b92caa474,58161,deposit,17749670,2024-05-12 01:44:11,Korea,1
f2292b16-2772-46f8-a536-da95842767ac,16837,withdrawal,51687210,2024-01-29 22:04:26,Burundi,0
8681ec8d-9577-44f1-b2dc-00eea1c24208,58074,deposit,75292089,2024-03-15 05:39:59,Cocos (Keeling) Islands,1
4d4a28fd-b591-4d87-9641-e56395e35582,56768,deposit,97041446,2024-03-21 16:15:58,Kyrgyz Republic,0
32464f0e-9220-4e29-807d-0b84700ceb44,56623,withdrawal,66489409,2024-07-03 15:43:53,Brunei Darussalam,0
7e359b3d-2383-4aa8-888e-52feccfa062a,49929,withdrawal,57387346,2024-03-09 13:43:47,Sudan,1
577c6925-8588-4be2-ba5b-0145ea23aefd,75424,withdrawal,80218765,2024-01-11 13:59:54,Jersey,0
f1909ef9-883b-4c53-8c93-dc587c367e9b,19385,withdrawal,50292199,2024-09-13 21:48:14,Azerbaijan,1
edcea7e6-df55-4391-bf5f-53ee5b736e36,76916,withdrawal,27749497,2024-09-24 15:54:46,British Virgin Islands,0
fd6d5a18-c631-418a-90e1-84becb1b1c30,61518,withdrawal,47078992,2024-01-10 04:22:55,Tokelau,0
75981c75-40d4-44b6-b06a-d45abf91be92,96819,withdrawal,12756986,2024-01-15 06:07:25,Anguilla,1
eb2bb492-aaff-4f61-b4e4-ed0b7ff91a5f,37337,withdrawal,51499636,2024-03-16 03:01:57,Philippines,1
791ea254-7322-4c77-b90e-60ea7e74718b,72009,withdrawal,33771415,2024-08-08 17:19:54,Mayotte,0
5856e9a6-64e7-4fbc-a575-56c0416f7679,65085,withdrawal,84569220,2024-05-19 19:29:25,Central African Republic,1
ca4723fb-5022-460d-82bf-be74a0148fcb,74100,withdrawal,91938741,2024-04-30 10:35:17,Angola,0
ff97c067-2c7d-4a4b-afda-a6f8e5c98aac,87735,withdrawal,67916788,2024-01-29 01:46:38,Armenia,1
7cbcd642-6ad4-4ff6-8a88-43783d9015ed,1744,deposit,44267406,2024-02-06 18:04:24,Indonesia,1
bd17a97b-6305-4917-82c3-dae861b5a492,32395,deposit,37088736,2024-05-16 22:34:41,Papua New Guinea,0
009a3c9f-f323-4c54-ad01-5590d90aac96,30460,deposit,60333163,2024-06-12 22:16:43,Netherlands Antilles,0
f820624d-7611-4468-9b3c-fece2b3ae7dc,42835,withdrawal,32430963,2024-05-20 14:58:37,Mauritania,1
2ad9530f-0a5b-4de2-95e0-30437b8c955d,91359,deposit,7673001,2024-05-29 13:11:21,Croatia,0
c32c60b2-8556-4ff5-967d-94d298483e74,65817,deposit,61541335,2024-01-07 11:32:25,Puerto Rico,1
32cfebd2-f874-4a29-a269-e684882f7848,68962,withdrawal,21972877,2024-06-09 17:13:31,Saint Helena,0
206ea6d8-22a3-4b73-829e-f1d05c17e107,56820,deposit,7942217,2024-09-29 09:09:31,American Samoa,0
dc672d15-07f7-4bbd-9994-9f024d745f67,72717,deposit,26584421,2024-01-08 00:20:44,Portugal,0
89da09e6-fd2b-45af-9f85-32715a27ccd2,71321,deposit,44137983,2024-01-26 00:42:48,Japan,1
21fe7450-1648-4b02-92b8-04ee29dfb33c,37521,withdrawal,62233964,2024-07-29 15:03:10,San Marino,1
23f7aca6-5c06-41ed-a4d5-e0bddb999a93,18889,deposit,95185949,2024-05-15 15:13:37,Korea,1
51a46633-fc3b-4bd8-ac4d-aaedf11ee804,65465,deposit,50881901,2024-04-02 23:56:43,Belize,1
7f49c31a-3fbf-452e-82ce-95f824367b01,64175,deposit,17478690,2024-06-26 15:51:48,Burkina Faso,0
b9920be5-faf7-44ba-82ab-25fca4114e48,32352,withdrawal,30620794,2024-01-28 10:57:55,Djibouti,0
1b996964-9449-44e9-af09-7ceda3d79a2e,62794,deposit,4891595,2024-07-30 12:48:02,Bahrain,0
3810fd9d-4eda-4434-a2ab-49c363888328,49870,deposit,26426961,2024-03-07 17:52:27,Dominican Republic,1
44e66472-e344-4ff1-a2cb-d1677c1c7eca,54742,deposit,44438109,2024-03-17 14:14:07,Congo,0
e04d09d1-7bf1-479d-a897-5433f7346028,10649,deposit,32810040,2024-07-09 11:53:56,Slovakia (Slovak Republic),1
b2068c91-9841-499d-aa0c-e14f2bb23b4b,70828,deposit,68173451,2024-05-12 10:47:46,French Polynesia,0
b30cffb6-3512-41bb-8546-923b67d401bc,92084,withdrawal,80413462,2024-08-11 03:56:19,Barbados,1
ba3d7c6d-120a-4ced-aec1-c1694312f6c1,42013,withdrawal,40313812,2024-05-19 04:44:58,Tajikistan,0
59103785-32ac-4bd9-9710-6f7b2163c637,12017,deposit,58385857,2024-06-30 05:23:53,Northern Mariana Islands,1
47ab90ba-45d8-422a-99be-e4745ed436b8,78776,deposit,50504767,2024-09-07 20:08:14,Libyan Arab Jamahiriya,1
db897dcc-360c-4497-932c-42aea7e751ca,16342,deposit,51276706,2024-06-16 09:46:51,Sweden,1
fa624c69-928c-4e3e-bd8b-5dca9d9ac485,75404,withdrawal,9583887,2024-09-20 05:58:44,Pakistan,1
e6fa5752-4671-47b0-bb41-989af2390e65,35511,withdrawal,64868265,2024-04-12 10:28:27,Zambia,0
7c0b06d9-8afb-46c0-ba95-ac1e7a4ba99c,96893,deposit,94238462,2024-01-26 08:05:07,Dominica,1
918e3819-e73c-49c8-8478-bdc3f076a519,47927,withdrawal,74716509,2024-06-28 22:36:42,American Samoa,0
3881fef8-277f-4d89-92ac-5275fed18b23,112,deposit,31451878,2024-02-25 10:24:45,Panama,1
ce379ee4-c044-4c73-a982-bc7c4a9945b2,10221,deposit,34953515,2024-04-22 15:53:21,Holy See (Vatican City State),1
6c89ffd5-f915-4b5f-8a89-af3c1a248f23,43023,deposit,80335648,2024-07-27 15:38:26,Dominican Republic,0
8e79ff55-cdc1-4379-9468-b7f31bdd1914,40271,withdrawal,48415956,2024-09-19 02:46:20,Grenada,0
14a5e02d-f0fb-4fec-8402-4887fd19671e,80540,deposit,93342483,2024-05-15 00:21:32,Niue,0
ee187d37-f892-48fe-86d1-fc829d052c1e,91353,deposit,77604685,2024-07-10 16:31:04,Turkmenistan,1
257f4d31-20f9-4c22-8f54-281b1858242d,38434,deposit,32146899,2024-03-15 14:48:50,Swaziland,1
f2180825-4bc8-4ac0-8463-77c97ee16af6,20508,withdrawal,31253444,2024-01-03 23:27:58,Moldova,0
99e48bd0-8b14-44b7-835f-588d5ad86175,3047,withdrawal,27882065,2024-06-30 21:37:10,Bermuda,0
60484e47-7209-492e-bbc0-613c0a3c88dd,14374,deposit,56509749,2024-05-01 17:59:48,Mayotte,0
85025990-8ddf-48e9-a8f6-1650864ec54c,87024,withdrawal,7335794,2024-07-05 05:45:51,Monaco,0
3d7a2819-5f1c-4130-9950-010db4358edd,57175,deposit,68730766,2024-04-19 20:47:37,Moldova,0
a0e229d1-04ea-49c3-b27f-3ec1fce219fc,8818,deposit,49878275,2024-03-14 06:10:39,Peru,1
e534e246-ea80-4c8e-9a53-60bc67339014,4633,deposit,40498544,2024-03-01 14:25:53,El Salvador,0
9372594b-cac8-4030-9a0a-c536572cbedb,43893,deposit,9565243,2024-05-13 00:38:19,Sierra Leone,0
c18adda6-5623-4ef3-a72d-acb25c339bbb,8146,withdrawal,21494890,2024-05-21 19:42:50,Malta,1
1c41ea59-093f-4d75-b11f-12788eb86152,34402,withdrawal,46229313,2024-09-16 05:33:52,Libyan Arab Jamahiriya,0
980a23b9-a0ae-4a32-a73e-8e2d3c555013,19573,deposit,53843217,2024-01-30 06:17:11,Norfolk Island,0
a5da0e91-e7be-42b4-afe2-1bfdfa380e7c,67892,withdrawal,24062277,2024-02-15 12:27:39,Mauritania,0
10df7331-9d9a-4575-b939-c740eb53def2,23067,withdrawal,56948916,2024-09-25 09:31:26,Paraguay,0
e8596bf1-dbee-4e6f-a899-b5b509974a45,27772,withdrawal,60904756,2024-06-12 10:04:26,Anguilla,1
60c8f880-4cbb-41ef-894b-7f7492aa6afe,96305,deposit,53478810,2024-05-06 21:43:16,Aruba,1
fafd9cf5-2f10-4f09-ba3f-5d838ce8bb85,17893,withdrawal,4132329,2024-05-24 18:25:21,Cocos (Keeling) Islands,0
a4f58091-3764-4512-b1c7-8951aea57b30,87020,deposit,36638108,2024-06-10 06:07:40,Albania,1
cdfa8aff-045f-4c95-9e8d-c35a22221f79,99433,withdrawal,34822194,2024-06-27 13:16:04,Saint Barthelemy,1
99b27814-38da-4bc7-b28a-1c5720b7e7a0,24154,deposit,38051565,2024-03-19 06:54:42,Eritrea,0
ea07d183-41ae-438f-a513-3ceda2d7debc,1439,withdrawal,37899103,2024-06-08 21:15:42,Nauru,0
1496dd77-0185-4188-a467-7da5e86d8fe9,10671,deposit,7218824,2024-02-23 21:20:34,Tunisia,1
536d55b0-3637-4ae1-ade8-94b7962ab331,3432,deposit,29928098,2024-08-09 14:42:39,Cote d'Ivoire,0
0e1c22ed-d62d-4d44-bd4c-fcec695701a6,80599,withdrawal,1828014,2024-09-07 08:07:46,Holy See (Vatican City State),0
5b5e773a-58fb-4da5-b373-9423d06e0912,38173,deposit,28415643,2024-07-06 04:49:56,Montserrat,1
adaf62ca-3ae6-4a1a-ae84-537499605063,9171,deposit,89006931,2024-05-07 01:45:43,Myanmar,0
66cc8355-cd1e-4fe4-a20a-4620a7d48864,48117,withdrawal,70545245,2024-08-26 02:42:02,United Arab Emirates,0
c9ce3e30-b4ac-4f22-8051-1375b831b45b,99207,withdrawal,80803,2024-03-07 06:20:23,Saint Vincent and the Grenadines,0
b1cea02f-2b32-4c80-84ae-af90036328bf,31821,withdrawal,32417919,2024-02-27 00:33:26,Dominica,1
1176475b-04a1-42b3-bf50-103b58ea6e64,30875,withdrawal,17614461,2024-04-29 03:08:58,Northern Mariana Islands,1
77ba00b1-89b7-4673-8ec7-9283675d0c1e,46289,deposit,98074088,2024-04-29 19:43:54,Cayman Islands,1
f5976006-54f9-4c94-96f9-69bcaffa721e,21569,deposit,36206737,2024-04-11 14:22:51,Uruguay,0
3da3d9e8-8bff-4e17-88e0-3498d7663987,85207,withdrawal,95940971,2024-07-18 09:42:17,Mauritius,1
0a634f9b-b45a-4b33-b6d8-57d989bf1ce5,11428,withdrawal,31410402,2024-09-07 04:48:29,Albania,0
c03e3089-1b1d-4aa1-8ca5-a1ee8e2b012c,31393,deposit,34305582,2024-01-18 02:10:21,Norfolk Island,1
6a4f79e5-de93-4409-aa22-ec9646cd13e7,29091,withdrawal,25109384,2024-07-08 21:36:40,British Virgin Islands,1
2cbe5215-5d53-465a-8154-ce88df03477d,45526,withdrawal,30628454,2024-02-23 04:56:46,Solomon Islands,1
6805db10-1d33-436f-9166-e2529943f512,85598,withdrawal,72022869,2024-02-29 23:33:29,Pakistan,0
2be10eff-d035-4256-8239-db36d227450b,57685,withdrawal,28556854,2024-09-08 21:38:39,Pakistan,0
2b7ce72e-f06f-4202-ac00-21d1975eb1e9,92365,deposit,75641355,2024-06-26 09:28:22,Moldova,0
4048cf61-0efa-4d50-9472-e8d7238ba12b,42278,deposit,96937239,2024-09-12 22:12:26,Gibraltar,0
63388dda-a21d-4fae-afc1-59ee098d634f,85861,withdrawal,40777555,2024-05-13 08:48:30,Liberia,0
950ad61f-b756-40ad-8da4-3a649dff81ed,68264,withdrawal,59794777,2024-07-26 00:03:42,United Kingdom,1
f6838890-a8d2-4430-ad78-11a870349cda,48371,deposit,84381516,2024-08-09 20:23:18,Central African Republic,1
eff67b7e-5af5-499d-95fd-851ee1157779,57926,withdrawal,72924472,2024-03-26 19:24:37,Haiti,0
cf021fe6-1bc9-4145-ba6a-efe875db671a,88097,deposit,37757585,2024-08-17 16:39:36,Gabon,1
83f9a1fa-e4a9-4e3e-85df-4290f9dc5e36,58000,deposit,63161284,2024-05-22 19:00:24,Guinea-Bissau,1
50c7ba43-19e6-4c85-b9a0-295f55e19d66,99161,deposit,45359843,2024-05-03 20:02:25,Suriname,1
abf031ad-a8ca-4c21-808f-552b8c2cc3b1,73809,deposit,3874120,2024-05-06 22:13:02,Greece,1
acd10982-f8cd-4568-9c18-2219759ce8af,9538,deposit,23897712,2024-08-26 04:19:00,Ecuador,0
feef97a1-e42c-45bb-97b4-05a8fad2694b,99510,withdrawal,65112404,2024-08-30 09:15:36,Mongolia,0
6d56cd98-3adf-404d-9f10-4d806380c93a,24990,deposit,96265067,2024-03-25 19:08:31,Mozambique,1
5af9460d-74c2-45f1-aac2-b294b0072576,51067,withdrawal,77908814,2024-02-12 13:09:06,Hungary,0
35da4a8d-6681-4ea9-997d-6b259ae491c0,30557,deposit,9695553,2024-09-12 06:56:40,Burundi,1
3695f89d-6a13-4091-a9c1-a605f7fc6aa9,1630,withdrawal,39223211,2024-01-11 03:19:04,Albania,1
e4b7f644-7c69-4a60-aa80-bad235fad641,96547,withdrawal,57113158,2024-05-15 13:33:44,Australia,0
8e3d6f7a-de50-4861-baa9-e51d7fe9adc4,71459,withdrawal,4922398,2024-04-06 04:40:36,Romania,1
851a31d1-d00f-4a1c-b4ef-133297c9a4d0,86366,withdrawal,13984605,2024-06-18 23:53:20,Paraguay,1
5ad30f7c-4663-4b29-8f07-f824b4050ca6,58771,withdrawal,97968222,2024-03-15 05:19:34,Saint Barthelemy,0
ecc96681-c6b1-49d4-8c95-159d8968a4ff,8230,deposit,63502922,2024-03-07 08:54:56,Gambia,1
ff21dff2-d1f7-41f3-9caa-bae8befd0633,93708,deposit,71344484,2024-06-27 11:04:44,Papua New Guinea,1
9eec535d-cc9e-4127-b80b-b3fc42a8df54,32858,withdrawal,13019943,2024-07-30 11:36:17,San Marino,0
5fa9f4d6-60c1-4650-8de9-1332e72c0a9c,83241,withdrawal,53145609,2024-02-15 22:30:00,Svalbard & Jan Mayen Islands,0
fab32f68-7974-4b08-9308-af7815151474,50684,deposit,73228557,2024-06-12 04:57:29,Romania,0
2605dda1-8bc4-4bfb-9dcd-a65c9af00c74,9772,deposit,54876641,2024-01-14 14:22:55,Mexico,0
213dc1b7-70bd-4ce3-94c5-6c22dc2c1011,11982,withdrawal,44566943,2024-02-27 01:41:55,Peru,1
b6417e30-d0bb-485a-aa8b-a53a13b26b57,80179,withdrawal,19134506,2024-08-17 09:30:39,Ghana,0
3d966794-6306-40e9-962d-021d1b7d8c0d,45543,deposit,42665363,2024-06-26 08:06:21,Northern Mariana Islands,0
4523a4f7-458a-4abe-8435-e1e92f4db4f9,62176,withdrawal,69914589,2024-09-20 22:44:24,Guinea-Bissau,1
d1db897b-e2f9-4a45-9fa5-42ca2db18d03,16868,withdrawal,71708919,2024-05-04 16:34:12,Faroe Islands,0
d78977cd-b9f4-4418-8bcd-827a27fed809,90753,withdrawal,15318737,2024-07-23 23:05:54,Mozambique,1
e79addb0-60d2-46ff-836b-c3a3aa39b9a3,41608,deposit,93849816,2024-06-15 01:54:57,Eritrea,0
03e89d53-398b-4142-b26a-8bd48dcc007a,49500,withdrawal,59280242,2024-09-05 05:24:06,Grenada,1
3971690e-b3c0-4917-9368-e951d98ec5f9,37033,withdrawal,49120165,2024-08-09 16:27:30,Tunisia,0
67c92ef1-7f66-4759-bbc5-8de6c56e860c,10918,withdrawal,70474412,2024-04-25 06:39:32,Dominican Republic,0
0e93e48f-145f-497e-bcf8-43c4a9bcba22,783,withdrawal,48007707,2024-03-02 21:30:11,Lesotho,1
e6039fcd-508e-4698-b97d-98b916bdcb2d,40814,deposit,9652964,2024-06-02 10:21:14,Vanuatu,0
56579422-3bbb-4011-ae07-07c917f06c17,30853,withdrawal,69067759,2024-02-27 07:31:37,Tajikistan,0
0f5519cf-449c-43ce-ab1d-6f8f1b843058,62795,withdrawal,15202553,2024-01-25 23:40:25,Isle of Man,0
1ce2ca16-c5ed-4f0a-a63f-c60a74cdcee8,66589,deposit,49821483,2024-07-31 18:46:13,Rwanda,0
bf7df149-fdd4-4690-8f58-51f140221148,77084,withdrawal,52639405,2024-08-02 05:29:33,Montenegro,0
b0f1e031-5b84-47be-bd3a-2ffac1422cc1,2561,withdrawal,73024569,2024-01-09 10:07:23,Moldova,0
195a6335-e8be-4bfb-9398-aa0d0868215f,37437,withdrawal,40598279,2024-05-10 02:36:41,Guam,0
7891c9f3-18ae-4847-a729-00b534248d4e,37454,withdrawal,52011530,2024-09-28 10:57:12,United States of America,1
436297f9-1ac4-4a5c-8ca7-243dcd1a82ae,92145,withdrawal,47718475,2024-05-30 11:52:27,Sudan,0
6de7f5b8-b42f-40d2-aa3c-fce70b7778f9,46466,deposit,90446938,2024-06-29 11:17:48,Ghana,1
ece98400-8ef8-4e54-b7ad-2c288c499e12,42655,deposit,4330828,2024-02-01 14:33:59,Vietnam,1
fb6c4cd5-594f-4486-a078-4f0e87436f11,96079,deposit,48617096,2024-03-17 06:42:14,Grenada,1
e372fcc3-8181-4c3e-95b9-6c9899b6c2fd,12691,withdrawal,52553214,2024-04-15 12:31:48,Dominica,0
4e497859-8190-4799-85ce-298f199aa808,93198,deposit,74138846,2024-02-28 02:31:57,Belgium,0
50d00ede-31ef-4e04-bcb1-7e0eb9c9f5a3,6317,withdrawal,7868950,2024-09-16 06:43:34,Myanmar,0
ff9a6cb1-ae78-48d9-9ae0-8b8e237cc92c,72946,deposit,70944029,2024-08-31 16:16:09,Kyrgyz Republic,1
7826e521-b14e-49a3-9767-d210e70a501c,833,withdrawal,76560053,2024-05-14 22:42:43,Palestinian Territory,0
c7d2435a-19d3-423b-ab04-1253c9ecc7ff,31447,deposit,86842074,2024-03-19 11:57:29,Uganda,0
8984f73c-2b48-4661-aaa4-82f000c057ff,10693,deposit,64071501,2024-06-27 16:08:26,Mauritius,1
8360582b-a309-49da-9da1-e6b3cbcf12de,24513,withdrawal,53994817,2024-02-17 16:24:36,Uganda,0
2a5a88bb-1f1a-4a95-82a6-5eb77a07f90d,34108,deposit,86436257,2024-06-17 06:33:39,Gibraltar,1
285e2a3c-a41d-41b1-a28d-7ac8af82626b,68945,deposit,96138867,2024-06-12 00:40:21,Montenegro,1
377aa8d6-3bb7-4569-8900-12de225557a6,58405,deposit,23466816,2024-05-16 00:54:19,French Polynesia,1
6d85317d-f30d-408e-a33b-a7b2d386d532,48282,withdrawal,2000140,2024-08-27 01:27:36,Sudan,1
e8ff12b6-6375-4dd9-97f6-32f02fb98c38,71244,deposit,15140707,2024-01-14 11:40:24,United States Minor Outlying Islands,1
eed89d3d-17f3-4ecf-b196-c4ffd34ffac5,52019,withdrawal,51120053,2024-03-29 13:56:38,Chad,0
ed899f68-3aac-4305-a5fb-2b724bd86e4e,71439,deposit,94624832,2024-01-22 13:07:06,Somalia,0
085d3fa4-edb1-4159-b0fb-819a7e46529b,15020,withdrawal,47230442,2024-06-14 14:36:46,Canada,0
5d88d11e-d2bf-43aa-8202-99397af4f672,3162,withdrawal,31236321,2024-05-08 22:35:45,Afghanistan,1
14e80ba9-eda8-41e0-8fef-6367ef435d06,63111,deposit,41485826,2024-08-22 00:16:55,Zimbabwe,1
555bedbb-7f07-4ca5-9d06-700738b164b7,32788,deposit,40378845,2024-03-25 13:55:47,Equatorial Guinea,0
fe31ce16-0c76-44a7-bd15-8d437ffc5b9a,58789,withdrawal,40576561,2024-05-20 08:24:34,Guadeloupe,0
50c4d118-de90-4d9a-86c0-b5d7211b8e6c,33436,withdrawal,95949315,2024-07-03 09:49:41,Bolivia,1
d6a19976-0464-4222-bea6-64d0d8306b57,25881,withdrawal,12208122,2024-09-19 12:35:30,British Indian Ocean Territory (Chagos Archipelago),1
cd2cc9a8-1209-4514-bb40-1c5278248ede,63684,deposit,20403950,2024-03-16 21:15:58,Nicaragua,1
12a39688-f9d0-49cc-a951-2ee3a153959e,77943,withdrawal,42291206,2024-08-15 05:06:20,Bosnia and Herzegovina,1
85b94a4c-845e-48b4-85b9-b88ad787c8fa,68553,withdrawal,74245111,2024-07-21 08:07:41,Czech Republic,1
fc6e8b7d-fabe-497a-9caf-a1b5779eecf5,89246,deposit,99081738,2024-06-19 23:40:08,United States of America,1
62eb0924-858b-4ef3-a689-f049f1916bb9,52061,withdrawal,99990823,2024-09-25 06:54:26,Vietnam,0
f4d37de9-e92f-41b7-baa5-8cb7777465d4,23360,withdrawal,70382364,2024-05-20 12:25:25,United States Virgin Islands,0
689a99c9-1fd1-4a6c-b39e-62ee972b398f,75866,withdrawal,50161488,2024-06-04 13:27:43,Sri Lanka,1
5f114524-133e-4fe0-80ce-650acb8129b2,60133,withdrawal,83955132,2024-01-18 21:13:27,Svalbard & Jan Mayen Islands,0
7df5f515-59e4-404a-9f42-3f700ea21a27,30145,deposit,39092051,2024-05-28 20:28:56,Ghana,0
dbce1887-ef97-4cdf-b2a3-bf9a7eef8d87,54333,withdrawal,47604261,2024-04-05 14:25:39,Pitcairn Islands,1
826993ff-e352-4393-8a20-8e3abcb089ae,48455,deposit,48623896,2024-07-18 16:34:44,Gambia,1
d5c69c13-2d20-4fa8-9bd6-d435788dfdc1,18890,deposit,12809653,2024-02-05 19:52:54,Hong Kong,1
ec8658a9-4b1a-4b46-a466-a2d4d2699154,90412,withdrawal,43901868,2024-02-14 08:26:12,Montserrat,0
c81ab059-8727-4f2b-8e16-cd82890fc410,78727,deposit,48514262,2024-07-07 04:50:41,American Samoa,1
dacf39e4-439c-4237-8d89-2b1033ccf046,54500,deposit,2367360,2024-04-14 21:28:16,Norfolk Island,0
4ed15aae-8e8d-4921-ba37-e117b7f7225a,21640,deposit,75268373,2024-05-14 17:47:24,Sierra Leone,1
c494b009-0af5-4763-ace6-d715a0e16d70,7140,deposit,3661529,2024-02-08 03:14:53,Malta,0
e3d78afc-6dbc-4195-bcfb-4616cee01967,88966,withdrawal,2218337,2024-01-18 07:22:00,Nepal,0
6f97274c-b5fc-47b6-8ee4-c56a90c1fdc9,83882,withdrawal,93461575,2024-09-23 22:47:59,Costa Rica,1
96273f01-c45c-46d7-b78b-c9589a3142af,68896,withdrawal,42247010,2024-05-23 02:32:41,Montserrat,0
d53cc727-fd58-4677-a41e-86267954de9f,43888,withdrawal,63598744,2024-07-26 04:37:33,Myanmar,0
14373cfc-ec0c-4db5-9763-a776f2559e4d,25233,withdrawal,34060159,2024-03-01 08:14:35,Monaco,1
45ab2df4-7f1d-49a3-adc1-51cfb24a9d16,18210,deposit,87938397,2024-07-28 04:18:50,Poland,1
70a297a5-4169-4cd7-9484-ab68d7169342,35568,deposit,6931777,2024-01-30 00:34:08,Mauritius,0
2ed5069a-91c1-45f8-9982-4111cae9e5d8,53516,withdrawal,30384674,2024-09-04 01:14:26,Guam,1
ca93508b-0c11-4f51-961c-4e63af1a1059,2782,withdrawal,56289976,2024-09-18 05:27:38,Belize,0
d319de1a-dcc0-4638-8f70-d5b8e1f62fde,56650,deposit,63812193,2024-09-23 12:45:22,Svalbard & Jan Mayen Islands,1
b4da9752-2e16-49a8-b834-a9d17c652fa2,14018,withdrawal,88182942,2024-02-12 19:21:53,Tanzania,1
c76a7815-e505-4c7e-920f-eb9123850d59,22463,withdrawal,2995747,2024-05-26 23:08:36,Antarctica (the territory South of 60 deg S),0
c9437434-c094-4af6-b136-f7c0b01f3f35,53677,withdrawal,87542201,2024-07-10 19:15:34,Slovakia (Slovak Republic),1
9ce824ff-eb92-45b9-8f66-77112c5b21f1,68344,deposit,34992946,2024-01-18 10:35:08,Armenia,1
aa812ce2-e5e1-4e95-8991-b92e0f75b79d,81329,deposit,9433759,2024-06-09 22:46:16,Cambodia,0
ef4bf8d8-9fa5-4e9f-aebc-2ad54ff722ca,57894,withdrawal,66150846,2024-03-02 22:52:21,Somalia,0
12e19b82-473e-4e29-9368-447a8c5f979b,55963,deposit,11079574,2024-06-05 19:01:15,Bosnia and Herzegovina,0
ce3390ce-33b6-4b3e-90e7-1d69a22e91e6,36406,withdrawal,41131481,2024-04-16 04:57:22,Bosnia and Herzegovina,0
a7605af1-02df-453e-b2bc-947664da678b,21446,deposit,4298317,2024-03-18 11:18:35,Lesotho,0
48399176-4e24-4352-ae90-9cf6fa31e5a1,73050,deposit,10981627,2024-09-09 10:23:56,Tunisia,0
1ad4d565-a086-4c56-b769-ab72e0f9fa5c,43305,deposit,83161207,2024-09-23 07:35:58,Cuba,1
ae5b1c35-1661-40e5-b5b6-800a47774112,82048,deposit,89830174,2024-01-27 17:53:27,France,0
66353aa4-e8c5-4f5c-aec3-6c9a8bc7e65a,67396,deposit,43074010,2024-02-07 13:29:36,Myanmar,0
2ad5b46f-a1ca-4aae-b821-62cb6030dc5d,85455,deposit,83472180,2024-02-01 07:41:47,Serbia,1
942783f7-fc40-48d1-a860-b7eb4d5969fe,4762,deposit,6408787,2024-04-18 03:35:40,Isle of Man,0
c9a57628-6057-4c56-a102-593a2de2ad60,57103,withdrawal,85552892,2024-04-07 00:34:57,Bolivia,0
278c0812-fd10-4c5e-a796-b0110f651663,29832,deposit,16940695,2024-03-11 22:40:16,Greenland,1
5353462c-b56e-43a5-bb38-4d9c031f1fcd,10331,withdrawal,20165116,2024-03-24 00:05:11,Bangladesh,1
c21f9641-08e7-438d-8962-0ae90364a87a,70259,withdrawal,28189963,2024-02-21 22:50:21,Sao Tome and Principe,1
0b4d5f4e-acbe-47a3-be8c-77cb04b6266d,95639,withdrawal,3422073,2024-03-24 23:23:17,Kazakhstan,1
56c26e42-9530-4493-b63c-728b3ae25b48,79532,deposit,7744394,2024-04-24 01:30:57,Ethiopia,0
5bb7d56e-e7e0-4eea-8d2a-29543d9649e8,52494,deposit,55972156,2024-05-21 11:27:49,Togo,1
7ca5dcdf-9d1a-4bfd-8cb5-31496452b336,21308,withdrawal,91652116,2024-08-04 15:43:02,Iran,0
c26bed96-26fe-469a-a2c4-157914acee0f,47297,withdrawal,42293079,2024-07-15 15:29:13,Israel,0
b13a856f-8194-43b9-8b41-f436549b9acb,18115,deposit,32919124,2024-01-14 06:08:55,Cocos (Keeling) Islands,0
498d6a51-a9e8-487c-82d4-134401172ace,90668,withdrawal,96012797,2024-07-06 12:01:20,Afghanistan,1
6ac1f66d-3237-4350-97b3-a5425d7c458d,95377,deposit,23950932,2024-08-30 10:57:22,Qatar,1
10388c9b-62f9-4393-8ccf-bcce843f308c,20281,deposit,20171539,2024-07-28 17:03:18,Swaziland,1
a209a323-667a-492a-9d61-e8c483f944d8,21544,deposit,39769127,2024-07-24 02:55:16,North Macedonia,1
cbcf7564-79f5-48f4-9b5c-8ea932be9470,47513,withdrawal,56578845,2024-02-19 00:29:28,Christmas Island,0
138d18f1-163b-4ad9-91e2-c7a3a4773d06,60383,withdrawal,79117082,2024-04-16 06:50:14,Congo,1
d733809d-755c-4acf-8063-8d3101c906ae,34390,deposit,90276437,2024-08-01 12:45:41,Uruguay,0
395a746a-77ca-4034-9b9c-5ffc53d91db3,3690,withdrawal,33216509,2024-08-18 11:14:57,Qatar,0
f9d8d449-1c3f-4d62-b74b-166f3b9f2e51,83610,withdrawal,3884881,2024-08-21 05:21:31,Slovakia (Slovak Republic),1
b0eb8c6d-3e61-4b73-bc7e-f028a0912f3e,97768,withdrawal,55308336,2024-08-18 07:04:03,Vanuatu,0
aafd6f98-d8b9-4234-bc7c-4ac5fb2b3015,33195,withdrawal,1463965,2024-09-14 23:54:56,Northern Mariana Islands,0
a6ce2587-bc35-45f0-a337-d0e56cf1f45d,21523,deposit,34907421,2024-08-23 20:13:33,Bahamas,0
5829e06d-620f-43b4-9fc1-fe868a5e73bb,24571,withdrawal,29372972,2024-02-25 15:22:08,Maldives,0
21e79339-dc26-4e19-80a1-ff99fa6b5601,37975,deposit,83154154,2024-09-13 19:07:35,Brunei Darussalam,1
c82c7988-64ef-4d36-aca1-7134cbb7fab3,47931,withdrawal,12720953,2024-04-20 22:07:35,Qatar,1
b8dff9b4-8cf6-47af-addc-0c142467d98d,68024,deposit,18998939,2024-08-27 12:09:40,South Georgia and the South Sandwich Islands,0
9f9ce2d4-f4e7-4e55-8f5d-84d253f9f98a,95690,withdrawal,70153858,2024-08-05 13:44:58,Croatia,1
b9e7c912-7fd4-4054-95d0-ccb09c192a92,3279,deposit,77057711,2024-02-21 00:19:37,Israel,1
fcd43512-8cfc-4cf8-8b6b-4a728b7f54e6,21038,deposit,44223074,2024-08-23 21:17:27,Bouvet Island (Bouvetoya),1
928ac035-1cd0-40d2-bfd9-e37d458dc971,95433,withdrawal,92336535,2024-07-04 21:32:49,Nauru,0
2299a953-c3c5-498a-9d93-b1bf78e11c9e,20462,deposit,56564091,2024-06-17 16:00:44,United States Minor Outlying Islands,1
d4432604-519b-404b-830d-9babb1b6951a,62420,withdrawal,92030536,2024-03-27 08:17:27,Cayman Islands,1
39cab3b8-6764-4974-b276-eb03cbdc989a,83492,withdrawal,72350825,2024-07-01 16:09:25,Angola,1
c99fd549-05aa-46e2-a116-865e7bb0437e,9326,withdrawal,98596919,2024-05-12 23:27:38,Canada,0
d648a34d-8f5b-46ff-b01b-c8cd75035811,36831,deposit,37539433,2024-05-21 10:55:41,Dominican Republic,0
c6fea873-221b-4442-967c-5134622fb825,10993,withdrawal,68206381,2024-05-15 08:52:05,Guyana,1
ac44353f-88f9-4a12-8953-7909ce2372f6,36990,deposit,71897111,2024-02-10 20:34:59,Cocos (Keeling) Islands,1
d3c7f6b0-72db-4cca-8f75-0a16fe10023a,88065,withdrawal,49598056,2024-06-29 01:51:50,Swaziland,0
3a1d5f44-9eb8-48b4-8366-e0031d520b30,67385,deposit,82497286,2024-04-24 05:36:50,Djibouti,0
3d8cdb25-ac1b-49a5-b7ec-8e82985deabb,83566,deposit,71493740,2024-08-22 01:23:19,Wallis and Futuna,0
b421e648-a88f-46ec-afe3-3d02e2e3b270,43301,deposit,21989281,2024-01-05 03:27:29,Nepal,0
acc85aa5-9578-493c-995a-7768d884014a,64873,withdrawal,58832896,2024-08-08 13:21:15,Myanmar,1
71200baf-94cd-4a1a-8b47-def8241b9128,20462,deposit,75855986,2024-05-03 01:58:57,Latvia,0
b1ef71ec-507c-46f1-a75f-cd27fa4a7d65,69901,deposit,66457618,2024-07-06 15:58:26,Sweden,0
fd1f08ca-e76e-44d7-80bb-3cd068b8748a,88056,withdrawal,1425258,2024-09-08 04:41:09,American Samoa,1
b97fa920-487b-46d9-9977-b97666407b8d,92761,deposit,88384028,2024-07-13 21:24:40,Kiribati,1
e09f67ae-d6be-435d-a9bb-cb5dc5710a1b,91045,deposit,17221965,2024-09-03 22:38:38,Antigua and Barbuda,1
3f645e22-390e-4dba-96d6-96b16af63334,99861,deposit,23841427,2024-09-12 20:25:55,Canada,1
575326f4-69b0-4fa9-8e82-545ef50298e5,89287,withdrawal,41910691,2024-02-13 15:34:25,Lesotho,1
31d061a4-d579-48e0-8351-801f09626de7,66002,deposit,54754993,2024-03-02 20:44:06,Turkmenistan,0
650954f1-56dd-4efe-bd77-3520b9425cab,72756,deposit,56173908,2024-08-29 03:00:05,Serbia,1
e6e95871-4704-4983-beed-ddd4a9f90546,87288,deposit,45790577,2024-07-27 05:15:50,Korea,1
43afe71b-79c6-479d-b0f3-bc3304bfe13a,2162,withdrawal,19679986,2024-03-17 05:17:21,Netherlands,1
2c53f39c-6e52-4e2c-842b-0bf11aa1a053,21562,withdrawal,21772439,2024-06-13 12:19:16,Iran,0
2e5ec24b-34f1-417f-a134-7b499ab9ca42,29429,withdrawal,31482698,2024-03-22 13:19:45,British Indian Ocean Territory (Chagos Archipelago),1
65c96a8b-4ac3-4094-b64f-9b7e6b37ef5e,71234,deposit,87677049,2024-09-25 23:30:30,Bolivia,0
d393f7ba-a675-4dac-9cb1-02e84d0106dd,8095,deposit,33667767,2024-05-23 06:43:18,Reunion,0
e9992029-febb-45d1-a3b9-a57df2926341,1111,deposit,23926397,2024-06-17 03:47:57,Antigua and Barbuda,1
5dd4aa7b-867a-499c-ab9c-1a216cf427bc,79278,withdrawal,51674470,2024-02-26 08:56:36,Brazil,0
8a546565-b2cf-4dc0-a233-e72558c0a031,60687,deposit,77928201,2024-05-12 03:56:33,Serbia,0
1839baad-f996-432a-8645-ee80e6692e5c,48836,deposit,68753232,2024-04-12 22:25:27,Libyan Arab Jamahiriya,0
70437258-52ca-48c5-95af-9d626ef664f9,38421,deposit,43241394,2024-03-08 19:41:55,Luxembourg,1
457f2cdf-7799-4b92-bfab-6f273afde4f0,42909,withdrawal,70700053,2024-08-01 14:31:27,Burundi,1
b8f1ed20-4ca0-45ee-8cd9-fc03b99b45c7,6175,deposit,13473405,2024-05-21 12:39:48,Korea,0
d3e14f6c-89f9-4205-b360-ef6f7c06d33f,89526,withdrawal,95713695,2024-04-25 20:46:50,Russian Federation,1
bbf68b95-8f1e-4e13-aad0-8f39e0048366,97736,withdrawal,69666069,2024-08-25 18:55:27,Estonia,0
4370d2a6-699e-4d0d-a89b-a51559677bfd,18393,withdrawal,82549729,2024-02-26 16:42:25,United States of America,0
bff5e364-1b0c-4888-8c10-8c6edc3168d4,44246,deposit,9694730,2024-07-09 18:34:25,Turkey,1
14a315ec-ca6b-408e-96ba-756afa914155,73700,withdrawal,4266009,2024-05-23 06:43:26,New Zealand,1
8ee3f6a0-c997-4d9a-ae60-3917d8a31160,48650,withdrawal,61066338,2024-03-28 02:41:41,Seychelles,1
a9fe402f-19f4-4250-8722-cf16657c49c7,9298,withdrawal,27228100,2024-01-31 16:46:25,Saint Pierre and Miquelon,1
a7bca0c7-6c3f-439d-933d-8e0c39bf089c,91480,deposit,17616393,2024-08-01 22:34:42,Kiribati,0
aea7dad9-2d00-4494-98a4-b3998399628e,5677,deposit,89910123,2024-04-03 09:08:06,Mauritania,1
e4a6418b-804f-4e46-b119-638d40e9f2de,52930,deposit,78857897,2024-08-27 01:17:48,Holy See (Vatican City State),0
46859fc3-3ac0-4498-a23d-ba71afa92400,25567,withdrawal,52335784,2024-05-19 00:33:06,Samoa,0
a6db28f7-5d86-41b8-9c98-3f2fa34f4248,38997,withdrawal,27039803,2024-04-21 22:41:55,Burkina Faso,0
ddbda6c3-3897-4182-9a38-ff19e2ef658e,88793,withdrawal,43414021,2024-02-03 12:39:21,Turkey,0
776012a3-c274-42e2-b688-59656e5da2ab,99181,withdrawal,95215846,2024-06-13 23:03:04,Andorra,0
9f681800-fed6-4501-85ce-efc5a8dfe233,54800,withdrawal,59218401,2024-09-12 05:07:16,French Polynesia,1
5dc960bb-d12a-49b9-ab15-f87879fa2676,6503,deposit,565148,2024-02-29 06:21:41,Mexico,1
ec023b9b-8d24-4af0-b232-09eb826d1665,61131,withdrawal,52087363,2024-08-08 01:10:20,Armenia,0
00e1041b-7036-4390-b98a-2701074a0c14,67049,deposit,85754822,2024-04-29 16:23:14,Gibraltar,1
9b6e5356-7baa-4d3f-805c-33a7a95230e3,13400,deposit,91435159,2024-04-08 18:32:31,Lao People's Democratic Republic,1
53c820dc-4090-42a2-8148-aba106fc709f,89726,deposit,79011461,2024-01-14 13:49:47,Guernsey,1
52c00d7a-95ab-408b-8a68-c9edc718cd31,95686,deposit,14057963,2024-08-13 23:43:02,Antigua and Barbuda,1
7d413171-3abc-4773-9b11-e40a0cdffa35,54016,withdrawal,44990824,2024-05-23 03:19:17,Libyan Arab Jamahiriya,1
cbcf7dbc-88b6-4f49-8f50-056909a33e98,15495,withdrawal,17584925,2024-02-28 19:18:25,Kuwait,0
18c23b39-79a0-444b-b920-d9c0fc1e86ed,51788,withdrawal,39061060,2024-02-04 07:19:45,Finland,0
fb8b2afb-ff28-4c4f-ae91-aa4cef271541,71655,withdrawal,61417321,2024-08-20 22:25:29,Mexico,1
f960e3df-8880-43e1-b234-ac928bffeed2,67146,withdrawal,44404157,2024-07-06 05:17:38,Afghanistan,1
af708558-88a1-476c-995c-0bdbb836d2f9,24423,deposit,66428660,2024-03-20 09:47:28,Nigeria,1
6bac81f0-eb1c-4f9a-9dd4-ad080241eb9c,78471,deposit,23145786,2024-09-08 18:14:20,Barbados,1
3ff6b695-3fdc-4b0a-9b90-a5f80cd5879e,75286,withdrawal,83341717,2024-09-27 00:54:08,Barbados,1
1c5823c5-98f7-4c80-acb5-2e28a33a19d3,91266,withdrawal,16474710,2024-05-14 23:24:56,Germany,1
37322e34-1b00-45d3-9e86-f70ccc906ee4,83273,withdrawal,4110164,2024-02-07 04:21:20,Monaco,1
a196e955-e5eb-4dbf-aa8b-391dde725f8b,87451,deposit,66403717,2024-09-10 05:14:16,Morocco,1
c20d18a5-39d4-4df7-864a-1666b533df71,62385,deposit,73517238,2024-02-14 07:13:05,South Africa,1
aae46168-b89b-4972-8073-4a4ecd719ff7,45522,withdrawal,93476510,2024-09-12 20:12:40,Faroe Islands,0
109f50a9-83f0-456f-aff6-c2a5ce90d409,47105,deposit,33965898,2024-02-14 08:03:14,Montenegro,1
7dd927dc-0d21-4522-aeb0-2207489311e3,20609,withdrawal,21400756,2024-07-09 06:06:05,Dominica,0
db382904-6e48-4e73-8bc2-1eebcfdfc087,87461,deposit,2846721,2024-08-27 09:07:06,Puerto Rico,1
16c3687d-01f7-48ea-a038-0153cdaa4ebc,32123,withdrawal,24779613,2024-01-23 02:13:32,Marshall Islands,0
b1111e7e-8bd3-4a8f-8294-7f828ffaa2d8,89719,withdrawal,37406285,2024-01-25 01:52:48,Czech Republic,1
fbaf8717-ce66-4a6a-9040-9a81e7996142,3338,deposit,37302207,2024-08-27 20:13:32,Ireland,1
29886636-a06c-4692-87b6-647a94130a98,95865,withdrawal,98120128,2024-01-28 20:30:55,Pitcairn Islands,0
1ae307ce-25cc-4162-8f0f-1ab9133c6529,57866,deposit,83802327,2024-03-07 15:03:32,Bouvet Island (Bouvetoya),0
0cc61786-14ae-49ab-b804-8421d17679cf,80636,deposit,88950596,2024-09-12 14:46:23,Haiti,0
bc853539-9406-4666-9b9a-fb5f02c4c61c,99976,withdrawal,99984666,2024-05-16 03:18:29,Belgium,1
bcddc4ae-0268-49df-8f68-fb0ece31147e,14690,withdrawal,1032535,2024-05-07 06:28:07,Costa Rica,0
78435e1f-88a7-4388-aab0-9cada4249e8d,62646,withdrawal,94123276,2024-01-30 19:52:34,Costa Rica,1
161069b3-a47f-4468-9ac1-30b4171f39f8,39955,deposit,72205949,2024-08-12 19:13:56,Burundi,1
15b86f32-0a14-475b-b115-868809c914cd,62220,withdrawal,94165576,2024-03-14 17:26:29,Dominica,1
e6724bdd-0be5-4c82-a17f-fff2fa7c7aa7,32085,deposit,24513918,2024-06-08 06:19:42,Poland,1
27e03561-605c-4d77-9ccc-1ce00852de41,62944,deposit,83991408,2024-07-08 11:43:34,Colombia,1
